-- Adminer 4.7.3 MySQL dump

SET NAMES utf8;
SET time_zone = '+00:00';
SET foreign_key_checks = 0;
SET sql_mode = 'NO_AUTO_VALUE_ON_ZERO';

CREATE TABLE `authtoken_token` (
  `key` varchar(40) NOT NULL,
  `created` datetime(6) NOT NULL,
  `user_id` int(11) NOT NULL,
  PRIMARY KEY (`key`),
  UNIQUE KEY `user_id` (`user_id`),
  CONSTRAINT `authtoken_token_user_id_35299eff_fk_recommender_customuser_id` FOREIGN KEY (`user_id`) REFERENCES `recommender_customuser` (`id`)
) ENGINE=InnoDB DEFAULT CHARSET=latin1;

INSERT INTO `authtoken_token` (`key`, `created`, `user_id`) VALUES
('2f477ed12be77fa6cef87e9bde1cda5acc53996b',	'2019-06-16 23:09:25.014964',	1),
('5272b86e344c95f659dc67f2d62d0f8ec641159b',	'2019-09-18 08:43:31.938130',	8),
('5fcc7e84b7d6e25cc525e8fab3fe3137c2d5d21e',	'2019-06-25 18:38:44.902000',	6),
('978731f10a8b50e4940da751f642318f3d4c912b',	'2019-09-18 07:05:55.950994',	7);

CREATE TABLE `auth_group` (
  `id` int(11) NOT NULL AUTO_INCREMENT,
  `name` varchar(150) NOT NULL,
  PRIMARY KEY (`id`),
  UNIQUE KEY `name` (`name`)
) ENGINE=InnoDB DEFAULT CHARSET=latin1;


CREATE TABLE `auth_group_permissions` (
  `id` int(11) NOT NULL AUTO_INCREMENT,
  `group_id` int(11) NOT NULL,
  `permission_id` int(11) NOT NULL,
  PRIMARY KEY (`id`),
  UNIQUE KEY `auth_group_permissions_group_id_permission_id_0cd325b0_uniq` (`group_id`,`permission_id`),
  KEY `auth_group_permissio_permission_id_84c5c92e_fk_auth_perm` (`permission_id`),
  CONSTRAINT `auth_group_permissio_permission_id_84c5c92e_fk_auth_perm` FOREIGN KEY (`permission_id`) REFERENCES `auth_permission` (`id`),
  CONSTRAINT `auth_group_permissions_group_id_b120cbf9_fk_auth_group_id` FOREIGN KEY (`group_id`) REFERENCES `auth_group` (`id`)
) ENGINE=InnoDB DEFAULT CHARSET=latin1;


CREATE TABLE `auth_permission` (
  `id` int(11) NOT NULL AUTO_INCREMENT,
  `name` varchar(255) NOT NULL,
  `content_type_id` int(11) NOT NULL,
  `codename` varchar(100) NOT NULL,
  PRIMARY KEY (`id`),
  UNIQUE KEY `auth_permission_content_type_id_codename_01ab375a_uniq` (`content_type_id`,`codename`),
  CONSTRAINT `auth_permission_content_type_id_2f476e4b_fk_django_co` FOREIGN KEY (`content_type_id`) REFERENCES `django_content_type` (`id`)
) ENGINE=InnoDB DEFAULT CHARSET=latin1;

INSERT INTO `auth_permission` (`id`, `name`, `content_type_id`, `codename`) VALUES
(1,	'Can add log entry',	1,	'add_logentry'),
(2,	'Can change log entry',	1,	'change_logentry'),
(3,	'Can delete log entry',	1,	'delete_logentry'),
(4,	'Can view log entry',	1,	'view_logentry'),
(5,	'Can add permission',	2,	'add_permission'),
(6,	'Can change permission',	2,	'change_permission'),
(7,	'Can delete permission',	2,	'delete_permission'),
(8,	'Can view permission',	2,	'view_permission'),
(9,	'Can add group',	3,	'add_group'),
(10,	'Can change group',	3,	'change_group'),
(11,	'Can delete group',	3,	'delete_group'),
(12,	'Can view group',	3,	'view_group'),
(13,	'Can add content type',	4,	'add_contenttype'),
(14,	'Can change content type',	4,	'change_contenttype'),
(15,	'Can delete content type',	4,	'delete_contenttype'),
(16,	'Can view content type',	4,	'view_contenttype'),
(17,	'Can add session',	5,	'add_session'),
(18,	'Can change session',	5,	'change_session'),
(19,	'Can delete session',	5,	'delete_session'),
(20,	'Can view session',	5,	'view_session'),
(21,	'Can add country',	6,	'add_country'),
(22,	'Can change country',	6,	'change_country'),
(23,	'Can delete country',	6,	'delete_country'),
(24,	'Can view country',	6,	'view_country'),
(25,	'Can add region/state',	7,	'add_region'),
(26,	'Can change region/state',	7,	'change_region'),
(27,	'Can delete region/state',	7,	'delete_region'),
(28,	'Can view region/state',	7,	'view_region'),
(29,	'Can add city',	8,	'add_city'),
(30,	'Can change city',	8,	'change_city'),
(31,	'Can delete city',	8,	'delete_city'),
(32,	'Can view city',	8,	'view_city'),
(33,	'Can add Token',	9,	'add_token'),
(34,	'Can change Token',	9,	'change_token'),
(35,	'Can delete Token',	9,	'delete_token'),
(36,	'Can view Token',	9,	'view_token'),
(37,	'Can add User',	10,	'add_customuser'),
(38,	'Can change User',	10,	'change_customuser'),
(39,	'Can delete User',	10,	'delete_customuser'),
(40,	'Can view User',	10,	'view_customuser'),
(41,	'Can add antecedent',	11,	'add_antecedent'),
(42,	'Can change antecedent',	11,	'change_antecedent'),
(43,	'Can delete antecedent',	11,	'delete_antecedent'),
(44,	'Can view antecedent',	11,	'view_antecedent'),
(45,	'Can add city',	12,	'add_city'),
(46,	'Can change city',	12,	'change_city'),
(47,	'Can delete city',	12,	'delete_city'),
(48,	'Can view city',	12,	'view_city'),
(49,	'Can add consequent',	13,	'add_consequent'),
(50,	'Can change consequent',	13,	'change_consequent'),
(51,	'Can delete consequent',	13,	'delete_consequent'),
(52,	'Can view consequent',	13,	'view_consequent'),
(53,	'Can add context segment',	14,	'add_contextsegment'),
(54,	'Can change context segment',	14,	'change_contextsegment'),
(55,	'Can delete context segment',	14,	'delete_contextsegment'),
(56,	'Can view context segment',	14,	'view_contextsegment'),
(57,	'Can add group',	15,	'add_group'),
(58,	'Can change group',	15,	'change_group'),
(59,	'Can delete group',	15,	'delete_group'),
(60,	'Can view group',	15,	'view_group'),
(61,	'Can add implication',	16,	'add_implication'),
(62,	'Can change implication',	16,	'change_implication'),
(63,	'Can delete implication',	16,	'delete_implication'),
(64,	'Can view implication',	16,	'view_implication'),
(65,	'Can add item',	17,	'add_item'),
(66,	'Can change item',	17,	'change_item'),
(67,	'Can delete item',	17,	'delete_item'),
(68,	'Can view item',	17,	'view_item'),
(69,	'Can add item attribute',	18,	'add_itemattribute'),
(70,	'Can change item attribute',	18,	'change_itemattribute'),
(71,	'Can delete item attribute',	18,	'delete_itemattribute'),
(72,	'Can view item attribute',	18,	'view_itemattribute'),
(73,	'Can add item category',	19,	'add_itemcategory'),
(74,	'Can change item category',	19,	'change_itemcategory'),
(75,	'Can delete item category',	19,	'delete_itemcategory'),
(76,	'Can view item category',	19,	'view_itemcategory'),
(77,	'Can add pertenance grade',	20,	'add_pertenancegrade'),
(78,	'Can change pertenance grade',	20,	'change_pertenancegrade'),
(79,	'Can delete pertenance grade',	20,	'delete_pertenancegrade'),
(80,	'Can view pertenance grade',	20,	'view_pertenancegrade'),
(81,	'Can add preference grade',	21,	'add_preferencegrade'),
(82,	'Can change preference grade',	21,	'change_preferencegrade'),
(83,	'Can delete preference grade',	21,	'delete_preferencegrade'),
(84,	'Can view preference grade',	21,	'view_preferencegrade'),
(85,	'Can add recommendation',	22,	'add_recommendation'),
(86,	'Can change recommendation',	22,	'change_recommendation'),
(87,	'Can delete recommendation',	22,	'delete_recommendation'),
(88,	'Can view recommendation',	22,	'view_recommendation'),
(89,	'Can add user context',	23,	'add_usercontext'),
(90,	'Can change user context',	23,	'change_usercontext'),
(91,	'Can delete user context',	23,	'delete_usercontext'),
(92,	'Can view user context',	23,	'view_usercontext'),
(93,	'Can add valoration',	24,	'add_valoration'),
(94,	'Can change valoration',	24,	'change_valoration'),
(95,	'Can delete valoration',	24,	'delete_valoration'),
(96,	'Can view valoration',	24,	'view_valoration'),
(97,	'Can add attribute category',	19,	'add_attributecategory'),
(98,	'Can change attribute category',	19,	'change_attributecategory'),
(99,	'Can delete attribute category',	19,	'delete_attributecategory'),
(100,	'Can view attribute category',	19,	'view_attributecategory'),
(101,	'Can add recommendation context',	25,	'add_recommendationcontext'),
(102,	'Can change recommendation context',	25,	'change_recommendationcontext'),
(103,	'Can delete recommendation context',	25,	'delete_recommendationcontext'),
(104,	'Can view recommendation context',	25,	'view_recommendationcontext');

CREATE TABLE `cities_light_city` (
  `id` int(11) NOT NULL AUTO_INCREMENT,
  `name_ascii` varchar(200) NOT NULL,
  `slug` varchar(50) NOT NULL,
  `geoname_id` int(11) DEFAULT NULL,
  `alternate_names` longtext,
  `name` varchar(200) NOT NULL,
  `display_name` varchar(200) NOT NULL,
  `search_names` longtext NOT NULL,
  `latitude` decimal(8,5) DEFAULT NULL,
  `longitude` decimal(8,5) DEFAULT NULL,
  `region_id` int(11) DEFAULT NULL,
  `country_id` int(11) NOT NULL,
  `population` bigint(20) DEFAULT NULL,
  `feature_code` varchar(10) DEFAULT NULL,
  `timezone` varchar(40) DEFAULT NULL,
  PRIMARY KEY (`id`),
  UNIQUE KEY `geoname_id` (`geoname_id`),
  UNIQUE KEY `cities_light_city_region_id_slug_dc18c213_uniq` (`region_id`,`slug`),
  UNIQUE KEY `cities_light_city_region_id_name_29b81cd4_uniq` (`region_id`,`name`),
  KEY `cities_light_city_country_id_cf310fd2_fk_cities_light_country_id` (`country_id`),
  KEY `cities_light_city_name_ascii_1e56323b` (`name_ascii`),
  KEY `cities_light_city_slug_cb2251f8` (`slug`),
  KEY `cities_light_city_name_4859e2a5` (`name`),
  KEY `cities_light_city_population_d597eeb6` (`population`),
  KEY `cities_light_city_feature_code_d43c9217` (`feature_code`),
  KEY `cities_light_city_timezone_0fb51b1e` (`timezone`),
  CONSTRAINT `cities_light_city_country_id_cf310fd2_fk_cities_light_country_id` FOREIGN KEY (`country_id`) REFERENCES `cities_light_country` (`id`),
  CONSTRAINT `cities_light_city_region_id_f7ab977b_fk_cities_light_region_id` FOREIGN KEY (`region_id`) REFERENCES `cities_light_region` (`id`)
) ENGINE=InnoDB DEFAULT CHARSET=latin1;


CREATE TABLE `cities_light_country` (
  `id` int(11) NOT NULL AUTO_INCREMENT,
  `name_ascii` varchar(200) NOT NULL,
  `slug` varchar(50) NOT NULL,
  `geoname_id` int(11) DEFAULT NULL,
  `alternate_names` longtext,
  `name` varchar(200) NOT NULL,
  `code2` varchar(2) DEFAULT NULL,
  `code3` varchar(3) DEFAULT NULL,
  `continent` varchar(2) NOT NULL,
  `tld` varchar(5) NOT NULL,
  `phone` varchar(20) DEFAULT NULL,
  PRIMARY KEY (`id`),
  UNIQUE KEY `geoname_id` (`geoname_id`),
  UNIQUE KEY `code2` (`code2`),
  UNIQUE KEY `code3` (`code3`),
  KEY `cities_light_country_name_ascii_648cc5e3` (`name_ascii`),
  KEY `cities_light_country_slug_3707a22c` (`slug`),
  KEY `cities_light_country_continent_e2c412a4` (`continent`),
  KEY `cities_light_country_tld_1fb2faaa` (`tld`),
  KEY `cities_light_country_name_1d61d0d2` (`name`)
) ENGINE=InnoDB DEFAULT CHARSET=latin1;


CREATE TABLE `cities_light_region` (
  `id` int(11) NOT NULL AUTO_INCREMENT,
  `name_ascii` varchar(200) NOT NULL,
  `slug` varchar(50) NOT NULL,
  `geoname_id` int(11) DEFAULT NULL,
  `alternate_names` longtext,
  `name` varchar(200) NOT NULL,
  `display_name` varchar(200) NOT NULL,
  `geoname_code` varchar(50) DEFAULT NULL,
  `country_id` int(11) NOT NULL,
  PRIMARY KEY (`id`),
  UNIQUE KEY `cities_light_region_country_id_name_6e5b3799_uniq` (`country_id`,`name`),
  UNIQUE KEY `cities_light_region_country_id_slug_3dd02103_uniq` (`country_id`,`slug`),
  UNIQUE KEY `geoname_id` (`geoname_id`),
  KEY `cities_light_region_name_ascii_f085cb82` (`name_ascii`),
  KEY `cities_light_region_slug_1653969f` (`slug`),
  KEY `cities_light_region_name_775f9496` (`name`),
  KEY `cities_light_region_geoname_code_1b0d4e58` (`geoname_code`),
  CONSTRAINT `cities_light_region_country_id_b2782d49_fk_cities_li` FOREIGN KEY (`country_id`) REFERENCES `cities_light_country` (`id`)
) ENGINE=InnoDB DEFAULT CHARSET=latin1;


CREATE TABLE `django_admin_log` (
  `id` int(11) NOT NULL AUTO_INCREMENT,
  `action_time` datetime(6) NOT NULL,
  `object_id` longtext,
  `object_repr` varchar(200) NOT NULL,
  `action_flag` smallint(5) unsigned NOT NULL,
  `change_message` longtext NOT NULL,
  `content_type_id` int(11) DEFAULT NULL,
  `user_id` int(11) NOT NULL,
  PRIMARY KEY (`id`),
  KEY `django_admin_log_content_type_id_c4bce8eb_fk_django_co` (`content_type_id`),
  KEY `django_admin_log_user_id_c564eba6_fk_recommender_customuser_id` (`user_id`),
  CONSTRAINT `django_admin_log_content_type_id_c4bce8eb_fk_django_co` FOREIGN KEY (`content_type_id`) REFERENCES `django_content_type` (`id`),
  CONSTRAINT `django_admin_log_user_id_c564eba6_fk_recommender_customuser_id` FOREIGN KEY (`user_id`) REFERENCES `recommender_customuser` (`id`)
) ENGINE=InnoDB DEFAULT CHARSET=latin1;

INSERT INTO `django_admin_log` (`id`, `action_time`, `object_id`, `object_repr`, `action_flag`, `change_message`, `content_type_id`, `user_id`) VALUES
(1,	'2019-06-16 23:09:25.015447',	'2f477ed12be77fa6cef87e9bde1cda5acc53996b',	'2f477ed12be77fa6cef87e9bde1cda5acc53996b',	1,	'[{\"added\": {}}]',	9,	1),
(2,	'2019-06-17 17:20:15.600362',	'1',	'Barcelona',	1,	'[{\"added\": {}}]',	12,	1),
(3,	'2019-06-17 17:20:33.760780',	'2',	'Madrid',	1,	'[{\"added\": {}}]',	12,	1),
(4,	'2019-06-17 17:21:07.044063',	'1',	'Sagrada Familia',	1,	'[{\"added\": {}}]',	17,	1),
(5,	'2019-06-17 17:36:18.262688',	'1',	'Sagrada Familia',	2,	'[{\"changed\": {\"fields\": [\"city\"]}}]',	17,	1),
(6,	'2019-06-17 17:36:29.743391',	'1',	'Sagrada Familia',	2,	'[{\"changed\": {\"fields\": [\"image\"]}}]',	17,	1),
(7,	'2019-06-17 17:36:41.558202',	'1',	'Sagrada Familia',	2,	'[{\"changed\": {\"fields\": [\"image\"]}}]',	17,	1),
(8,	'2019-06-17 17:36:48.352264',	'1',	'Sagrada Familia',	2,	'[{\"changed\": {\"fields\": [\"image\"]}}]',	17,	1),
(9,	'2019-06-17 17:37:17.050705',	'1',	'Sagrada Familia',	2,	'[]',	17,	1),
(10,	'2019-06-17 17:37:37.902384',	'1',	'Sagrada Familia',	2,	'[{\"changed\": {\"fields\": [\"image\"]}}]',	17,	1),
(11,	'2019-06-17 17:37:41.989122',	'1',	'Sagrada Familia',	2,	'[{\"changed\": {\"fields\": [\"image\"]}}]',	17,	1),
(12,	'2019-06-17 17:39:24.823615',	'1',	'Sagrada Familia',	2,	'[{\"changed\": {\"fields\": [\"image\"]}}]',	17,	1),
(13,	'2019-06-17 17:39:28.582289',	'1',	'Sagrada Familia',	2,	'[{\"changed\": {\"fields\": [\"image\"]}}]',	17,	1),
(14,	'2019-06-17 17:39:36.804852',	'1',	'Sagrada Familia',	2,	'[{\"changed\": {\"fields\": [\"city\"]}}]',	17,	1),
(15,	'2019-06-17 17:39:46.941003',	'1',	'Sagrada Familia',	2,	'[{\"changed\": {\"fields\": [\"image\", \"city\"]}}]',	17,	1),
(16,	'2019-06-17 17:39:51.219784',	'1',	'Sagrada Familia',	2,	'[{\"changed\": {\"fields\": [\"image\"]}}]',	17,	1),
(17,	'2019-06-17 17:40:02.589701',	'1',	'Sagrada Familia',	2,	'[{\"changed\": {\"fields\": [\"image\", \"city\"]}}]',	17,	1),
(18,	'2019-06-17 17:40:08.154864',	'1',	'Sagrada Familia',	2,	'[{\"changed\": {\"fields\": [\"image\"]}}]',	17,	1),
(19,	'2019-06-17 17:40:32.683516',	'1',	'Sagrada Familia',	2,	'[{\"changed\": {\"fields\": [\"city\"]}}]',	17,	1),
(20,	'2019-06-17 17:41:18.981162',	'1',	'Sagrada Familia',	2,	'[{\"changed\": {\"fields\": [\"image\"]}}]',	17,	1),
(21,	'2019-06-17 17:41:22.669755',	'1',	'Sagrada Familia',	2,	'[{\"changed\": {\"fields\": [\"image\"]}}]',	17,	1),
(22,	'2019-06-17 17:41:50.550448',	'1',	'Sagrada Familia',	2,	'[{\"changed\": {\"fields\": [\"image\"]}}]',	17,	1),
(23,	'2019-06-17 17:41:55.968618',	'1',	'Sagrada Familia',	2,	'[{\"changed\": {\"fields\": [\"image\"]}}]',	17,	1),
(24,	'2019-06-22 23:12:30.680981',	'3',	'Málaga',	1,	'[{\"added\": {}}]',	12,	1),
(25,	'2019-06-22 23:12:44.221698',	'4',	'Londres',	1,	'[{\"added\": {}}]',	12,	1),
(26,	'2019-06-22 23:12:56.965142',	'5',	'Praga',	1,	'[{\"added\": {}}]',	12,	1),
(27,	'2019-06-22 23:13:04.908679',	'6',	'Wroclaw',	1,	'[{\"added\": {}}]',	12,	1),
(28,	'2019-06-22 23:13:09.911853',	'7',	'París',	1,	'[{\"added\": {}}]',	12,	1),
(29,	'2019-06-22 23:13:20.175660',	'8',	'Roma',	1,	'[{\"added\": {}}]',	12,	1),
(30,	'2019-06-22 23:13:37.171872',	'9',	'Amsterdam',	1,	'[{\"added\": {}}]',	12,	1),
(31,	'2019-06-22 23:13:41.074557',	'10',	'Berlín',	1,	'[{\"added\": {}}]',	12,	1),
(32,	'2019-06-22 23:14:15.926478',	'11',	'Copenhague',	1,	'[{\"added\": {}}]',	12,	1),
(33,	'2019-06-22 23:15:01.270368',	'1',	'1',	1,	'[{\"added\": {}}]',	14,	1),
(34,	'2019-06-22 23:15:15.767696',	'2',	'2',	1,	'[{\"added\": {}}]',	14,	1),
(35,	'2019-06-22 23:15:34.878891',	'3',	'3',	1,	'[{\"added\": {}}]',	14,	1),
(36,	'2019-06-22 23:16:06.197350',	'4',	'4',	1,	'[{\"added\": {}}]',	14,	1),
(37,	'2019-06-22 23:16:13.735103',	'5',	'5',	1,	'[{\"added\": {}}]',	14,	1),
(38,	'2019-06-22 23:16:33.993309',	'6',	'6',	1,	'[{\"added\": {}}]',	14,	1),
(39,	'2019-06-22 23:16:44.033350',	'7',	'7',	1,	'[{\"added\": {}}]',	14,	1),
(40,	'2019-06-22 23:17:30.798712',	'2',	'carlos@fernandeztest.com',	1,	'[{\"added\": {}}]',	10,	1),
(41,	'2019-06-22 23:18:37.016633',	'3',	'alfred@senegalese.com',	1,	'[{\"added\": {}}]',	10,	1),
(42,	'2019-06-22 23:19:01.718689',	'4',	'tomeu@albacetenyo.com',	1,	'[{\"added\": {}}]',	10,	1),
(43,	'2019-06-22 23:19:43.603656',	'5',	'adacolacau@generalitat.cat',	1,	'[{\"added\": {}}]',	10,	1),
(44,	'2019-06-23 08:46:40.175145',	'1',	'angeljimenez@uma.es',	2,	'[{\"changed\": {\"fields\": [\"first_name\", \"last_name\"]}}]',	10,	1),
(47,	'2019-06-23 08:50:49.625727',	'2',	'carlos@fernandeztest.com',	2,	'[{\"changed\": {\"fields\": [\"is_superuser\", \"is_staff\"]}}]',	10,	1),
(48,	'2019-06-23 08:51:04.404686',	'6',	'root@uma.es',	3,	'',	10,	1),
(49,	'2019-06-23 17:28:33.707909',	'10',	'10',	3,	'',	15,	1),
(50,	'2019-06-23 17:28:33.714753',	'9',	'9',	3,	'',	15,	1),
(51,	'2019-06-23 17:28:33.718915',	'8',	'8',	3,	'',	15,	1),
(52,	'2019-06-23 17:28:33.726180',	'7',	'7',	3,	'',	15,	1),
(53,	'2019-06-23 17:28:33.730916',	'6',	'6',	3,	'',	15,	1),
(54,	'2019-06-23 17:28:33.737652',	'5',	'5',	3,	'',	15,	1),
(55,	'2019-06-23 17:28:33.745141',	'4',	'4',	3,	'',	15,	1),
(56,	'2019-06-23 17:28:33.748982',	'3',	'3',	3,	'',	15,	1),
(57,	'2019-06-23 17:28:33.766455',	'2',	'2',	3,	'',	15,	1),
(58,	'2019-06-23 17:28:33.769967',	'1',	'1',	3,	'',	15,	1),
(59,	'2019-06-23 17:47:33.634909',	'11',	'11',	3,	'',	15,	1),
(60,	'2019-06-23 17:53:47.548645',	'13',	'13',	2,	'[{\"changed\": {\"fields\": [\"users\"]}}]',	15,	1),
(61,	'2019-06-23 18:23:32.383751',	'4',	'4',	3,	'',	23,	1),
(62,	'2019-06-23 18:23:32.403541',	'3',	'3',	3,	'',	23,	1),
(63,	'2019-06-23 18:23:32.411488',	'2',	'2',	3,	'',	23,	1),
(64,	'2019-06-23 18:23:32.416834',	'1',	'1',	3,	'',	23,	1),
(65,	'2019-06-23 18:23:44.916185',	'17',	'17',	3,	'',	15,	1),
(66,	'2019-06-23 18:23:44.926613',	'16',	'16',	3,	'',	15,	1),
(67,	'2019-06-23 18:23:44.932866',	'15',	'15',	3,	'',	15,	1),
(68,	'2019-06-23 18:23:44.947079',	'14',	'14',	3,	'',	15,	1),
(69,	'2019-06-23 18:23:44.950952',	'13',	'13',	3,	'',	15,	1),
(70,	'2019-06-23 18:23:44.957338',	'12',	'12',	3,	'',	15,	1),
(71,	'2019-06-23 19:08:18.420650',	'19',	'19',	3,	'',	15,	1),
(72,	'2019-06-23 19:08:18.432794',	'18',	'18',	3,	'',	15,	1),
(73,	'2019-06-23 19:08:31.016875',	'6',	'6',	3,	'',	23,	1),
(74,	'2019-06-23 19:08:31.026471',	'5',	'5',	3,	'',	23,	1),
(75,	'2019-06-23 22:48:35.944472',	'2',	'Arc del Triomf',	1,	'[{\"added\": {}}]',	17,	1),
(76,	'2019-06-23 22:50:54.423426',	'3',	'Zoo de Barcelona',	1,	'[{\"added\": {}}]',	17,	1),
(77,	'2019-06-23 22:52:39.334412',	'4',	'Museo Nacional de Arte de Catalunya',	1,	'[{\"added\": {}}]',	17,	1),
(78,	'2019-06-23 22:54:26.835957',	'5',	'Liceo',	1,	'[{\"added\": {}}]',	17,	1),
(79,	'2019-06-23 22:56:10.400852',	'6',	'Parque Güell',	1,	'[{\"added\": {}}]',	17,	1),
(80,	'2019-06-23 23:01:10.364283',	'1',	'Monumentos',	1,	'[{\"added\": {}}]',	19,	1),
(81,	'2019-06-23 23:01:42.829425',	'1',	'Económico',	2,	'[{\"changed\": {\"fields\": [\"name\"]}}]',	19,	1),
(82,	'2019-06-23 23:01:46.053253',	'1',	'Precio',	1,	'[{\"added\": {}}]',	18,	1),
(83,	'2019-06-23 23:02:15.075224',	'2',	'Finalidad',	1,	'[{\"added\": {}}]',	19,	1),
(84,	'2019-06-23 23:02:21.600250',	'2',	'Valor cultural',	1,	'[{\"added\": {}}]',	18,	1),
(85,	'2019-06-23 23:02:34.166327',	'3',	'Practicidad',	1,	'[{\"added\": {}}]',	19,	1),
(86,	'2019-06-23 23:02:38.850460',	'3',	'Disponibilidad',	1,	'[{\"added\": {}}]',	18,	1),
(87,	'2019-06-23 23:02:45.704976',	'4',	'Centricidad',	1,	'[{\"added\": {}}]',	18,	1),
(88,	'2019-06-23 23:03:08.767632',	'5',	'Ocio musical',	1,	'[{\"added\": {}}]',	18,	1),
(89,	'2019-06-23 23:03:24.719374',	'6',	'Actividad deportiva',	1,	'[{\"added\": {}}]',	18,	1),
(90,	'2019-06-23 23:03:58.564083',	'7',	'Naturaleza',	1,	'[{\"added\": {}}]',	18,	1),
(91,	'2019-06-24 06:59:39.393541',	'6',	'Parque Güell',	2,	'[{\"changed\": {\"fields\": [\"price\"]}}]',	17,	1),
(92,	'2019-06-24 06:59:45.269531',	'1',	'Sagrada Familia',	2,	'[{\"changed\": {\"fields\": [\"price\"]}}]',	17,	1),
(93,	'2019-06-24 06:59:49.218947',	'2',	'Arc del Triomf',	2,	'[{\"changed\": {\"fields\": [\"price\"]}}]',	17,	1),
(94,	'2019-06-24 06:59:57.064035',	'3',	'Zoo de Barcelona',	2,	'[{\"changed\": {\"fields\": [\"price\"]}}]',	17,	1),
(95,	'2019-06-24 07:00:02.083840',	'4',	'Museo Nacional de Arte de Catalunya',	2,	'[{\"changed\": {\"fields\": [\"price\"]}}]',	17,	1),
(96,	'2019-06-24 07:00:12.163157',	'5',	'Liceo',	2,	'[{\"changed\": {\"fields\": [\"price\"]}}]',	17,	1),
(97,	'2019-06-24 07:48:18.007922',	'1',	'1',	1,	'[{\"added\": {}}]',	20,	1),
(98,	'2019-06-24 07:53:04.586388',	'1',	'1',	2,	'[]',	20,	1),
(99,	'2019-06-24 07:57:28.846912',	'1',	'1',	2,	'[]',	20,	1),
(100,	'2019-06-24 08:58:30.948233',	'1',	'1',	2,	'[]',	20,	1),
(101,	'2019-06-24 09:24:20.751447',	'1',	'1',	2,	'[]',	20,	1),
(102,	'2019-06-24 09:26:43.382645',	'1',	'1',	2,	'[]',	20,	1),
(103,	'2019-06-24 09:28:48.672522',	'2',	'2',	1,	'[{\"added\": {}}]',	20,	1),
(104,	'2019-06-24 09:29:00.088863',	'3',	'3',	1,	'[{\"added\": {}}]',	20,	1),
(105,	'2019-06-24 09:29:11.300223',	'4',	'4',	1,	'[{\"added\": {}}]',	20,	1),
(106,	'2019-06-24 09:30:55.395019',	'5',	'5',	1,	'[{\"added\": {}}]',	20,	1),
(107,	'2019-06-24 09:31:06.794357',	'6',	'6',	1,	'[{\"added\": {}}]',	20,	1),
(108,	'2019-06-24 10:53:39.276880',	'7',	'7',	2,	'[{\"changed\": {\"fields\": [\"domain\"]}}]',	14,	1),
(109,	'2019-06-24 10:53:43.103176',	'7',	'7',	2,	'[{\"changed\": {\"fields\": [\"domain\"]}}]',	14,	1),
(110,	'2019-06-24 10:55:56.374511',	'1',	'1',	2,	'[{\"changed\": {\"fields\": [\"dimension\"]}}]',	14,	1),
(111,	'2019-06-24 10:56:27.023140',	'5',	'5',	2,	'[{\"changed\": {\"fields\": [\"dimension\"]}}]',	14,	1),
(112,	'2019-06-24 10:56:36.211694',	'4',	'4',	2,	'[{\"changed\": {\"fields\": [\"dimension\"]}}]',	14,	1),
(113,	'2019-06-24 10:58:57.725789',	'3',	'3',	2,	'[{\"changed\": {\"fields\": [\"dimension\", \"domain\"]}}]',	14,	1),
(114,	'2019-06-24 10:59:09.259651',	'2',	'2',	2,	'[{\"changed\": {\"fields\": [\"dimension\"]}}]',	14,	1),
(115,	'2019-06-24 16:42:41.155951',	'7',	'7',	1,	'[{\"added\": {}}]',	20,	1),
(116,	'2019-06-24 16:42:51.137674',	'8',	'8',	1,	'[{\"added\": {}}]',	20,	1),
(117,	'2019-06-24 16:43:06.538822',	'9',	'9',	1,	'[{\"added\": {}}]',	20,	1),
(118,	'2019-06-24 16:46:24.118453',	'10',	'10',	1,	'[{\"added\": {}}]',	20,	1),
(119,	'2019-06-24 16:46:33.615630',	'11',	'11',	1,	'[{\"added\": {}}]',	20,	1),
(120,	'2019-06-24 16:46:42.916672',	'12',	'12',	1,	'[{\"added\": {}}]',	20,	1),
(121,	'2019-06-24 16:46:55.641095',	'13',	'13',	1,	'[{\"added\": {}}]',	20,	1),
(122,	'2019-06-24 16:47:05.721534',	'13',	'13',	2,	'[{\"changed\": {\"fields\": [\"value\"]}}]',	20,	1),
(123,	'2019-06-24 16:48:06.338261',	'3',	'Concurrencia',	2,	'[{\"changed\": {\"fields\": [\"name\"]}}]',	18,	1),
(124,	'2019-06-24 16:48:12.760591',	'14',	'14',	1,	'[{\"added\": {}}]',	20,	1),
(125,	'2019-06-24 16:48:22.091648',	'15',	'15',	1,	'[{\"added\": {}}]',	20,	1),
(126,	'2019-06-24 16:48:30.504968',	'16',	'16',	1,	'[{\"added\": {}}]',	20,	1),
(127,	'2019-06-24 16:48:40.864069',	'17',	'17',	1,	'[{\"added\": {}}]',	20,	1),
(128,	'2019-06-24 16:48:51.397632',	'18',	'18',	1,	'[{\"added\": {}}]',	20,	1),
(129,	'2019-06-24 16:49:19.727275',	'19',	'19',	1,	'[{\"added\": {}}]',	20,	1),
(130,	'2019-06-24 16:49:27.523757',	'20',	'20',	1,	'[{\"added\": {}}]',	20,	1),
(131,	'2019-06-24 16:49:36.230136',	'21',	'21',	1,	'[{\"added\": {}}]',	20,	1),
(132,	'2019-06-24 16:49:50.510838',	'22',	'22',	1,	'[{\"added\": {}}]',	20,	1),
(133,	'2019-06-24 16:50:03.872948',	'23',	'23',	1,	'[{\"added\": {}}]',	20,	1),
(134,	'2019-06-24 16:50:26.038641',	'24',	'24',	1,	'[{\"added\": {}}]',	20,	1),
(135,	'2019-06-24 17:02:30.464453',	'15',	'15',	2,	'[]',	20,	1),
(136,	'2019-06-24 17:02:34.656224',	'14',	'14',	2,	'[]',	20,	1),
(137,	'2019-06-24 17:02:38.775973',	'13',	'13',	2,	'[]',	20,	1),
(138,	'2019-06-24 17:02:42.516348',	'17',	'17',	2,	'[]',	20,	1),
(139,	'2019-06-24 17:02:45.299524',	'16',	'16',	2,	'[]',	20,	1),
(140,	'2019-06-24 17:02:49.480921',	'18',	'18',	2,	'[]',	20,	1),
(141,	'2019-06-24 17:20:15.857597',	'25',	'25',	1,	'[{\"added\": {}}]',	20,	1),
(142,	'2019-06-24 17:20:34.569900',	'26',	'26',	1,	'[{\"added\": {}}]',	20,	1),
(143,	'2019-06-24 17:20:45.596521',	'27',	'27',	1,	'[{\"added\": {}}]',	20,	1),
(144,	'2019-06-24 17:20:53.270512',	'28',	'28',	1,	'[{\"added\": {}}]',	20,	1),
(145,	'2019-06-24 17:21:06.020453',	'29',	'29',	1,	'[{\"added\": {}}]',	20,	1),
(146,	'2019-06-24 17:21:20.531866',	'30',	'30',	1,	'[{\"added\": {}}]',	20,	1),
(147,	'2019-06-24 17:22:42.396111',	'31',	'31',	1,	'[{\"added\": {}}]',	20,	1),
(148,	'2019-06-24 17:22:53.887119',	'32',	'32',	1,	'[{\"added\": {}}]',	20,	1),
(149,	'2019-06-24 17:23:04.484924',	'33',	'33',	1,	'[{\"added\": {}}]',	20,	1),
(150,	'2019-06-24 17:23:11.840826',	'34',	'34',	1,	'[{\"added\": {}}]',	20,	1),
(151,	'2019-06-24 17:23:19.814539',	'35',	'35',	1,	'[{\"added\": {}}]',	20,	1),
(152,	'2019-06-24 17:23:29.324368',	'36',	'36',	1,	'[{\"added\": {}}]',	20,	1),
(153,	'2019-06-24 17:23:47.113496',	'37',	'37',	1,	'[{\"added\": {}}]',	20,	1),
(154,	'2019-06-24 17:23:57.653357',	'38',	'38',	1,	'[{\"added\": {}}]',	20,	1),
(155,	'2019-06-24 17:24:11.621856',	'39',	'39',	1,	'[{\"added\": {}}]',	20,	1),
(156,	'2019-06-24 17:24:25.197339',	'40',	'40',	1,	'[{\"added\": {}}]',	20,	1),
(157,	'2019-06-24 17:24:33.875725',	'41',	'41',	1,	'[{\"added\": {}}]',	20,	1),
(158,	'2019-06-24 17:24:40.276794',	'42',	'42',	1,	'[{\"added\": {}}]',	20,	1),
(159,	'2019-06-24 17:24:58.827236',	'34',	'34',	2,	'[{\"changed\": {\"fields\": [\"value\"]}}]',	20,	1),
(160,	'2019-06-24 18:30:23.526296',	'1',	'Sagrada Familia',	2,	'[]',	17,	1),
(161,	'2019-06-24 18:30:29.457422',	'2',	'Arc del Triomf',	2,	'[]',	17,	1),
(162,	'2019-06-24 18:30:32.389461',	'3',	'Zoo de Barcelona',	2,	'[]',	17,	1),
(163,	'2019-06-24 18:30:35.142647',	'4',	'Museo Nacional de Arte de Catalunya',	2,	'[]',	17,	1),
(164,	'2019-06-24 18:30:38.048201',	'5',	'Liceo',	2,	'[]',	17,	1),
(165,	'2019-06-24 18:30:40.550801',	'6',	'Parque Güell',	2,	'[]',	17,	1),
(166,	'2019-06-24 19:01:15.155560',	'1',	'1',	1,	'[{\"added\": {}}]',	16,	1),
(167,	'2019-06-24 19:04:10.527578',	'2',	'2',	1,	'[{\"added\": {}}]',	11,	1),
(168,	'2019-06-25 18:38:44.921220',	'6',	'angeljimenezgong@gmail.com',	1,	'[{\"added\": {}}]',	10,	1),
(169,	'2019-09-17 16:07:40.466570',	'3',	'3',	3,	'',	23,	1),
(170,	'2019-09-17 16:07:40.490831',	'2',	'2',	3,	'',	23,	1),
(171,	'2019-09-17 16:07:40.498247',	'1',	'1',	3,	'',	23,	1),
(172,	'2019-09-17 16:25:57.875447',	'1',	'1',	3,	'',	22,	1),
(173,	'2019-09-17 19:18:10.697183',	'7',	'Bunkers del Carmel',	1,	'[{\"added\": {}}]',	17,	1),
(174,	'2019-09-18 00:00:23.229073',	'43',	'43',	1,	'[{\"added\": {}}]',	20,	1),
(175,	'2019-09-18 00:00:35.877278',	'44',	'44',	1,	'[{\"added\": {}}]',	20,	1),
(176,	'2019-09-18 00:00:53.672968',	'45',	'45',	1,	'[{\"added\": {}}]',	20,	1),
(177,	'2019-09-18 00:01:01.360237',	'46',	'46',	1,	'[{\"added\": {}}]',	20,	1),
(178,	'2019-09-18 00:01:10.893320',	'47',	'47',	1,	'[{\"added\": {}}]',	20,	1),
(179,	'2019-09-18 00:01:17.417512',	'48',	'48',	1,	'[{\"added\": {}}]',	20,	1),
(180,	'2019-09-18 00:01:26.388425',	'49',	'49',	1,	'[{\"added\": {}}]',	20,	1),
(181,	'2019-09-18 00:02:46.763785',	'2',	'2',	1,	'[{\"added\": {}}]',	16,	1),
(182,	'2019-09-18 00:02:59.019736',	'2',	'2',	2,	'[{\"changed\": {\"fields\": [\"context_segment\"]}}]',	16,	1),
(183,	'2019-09-18 00:03:53.018130',	'3',	'3',	1,	'[{\"added\": {}}]',	11,	1),
(184,	'2019-09-18 00:04:11.619885',	'3',	'3',	1,	'[{\"added\": {}}]',	16,	1),
(185,	'2019-09-18 00:05:12.594965',	'1',	'1',	1,	'[{\"added\": {}}]',	13,	1),
(186,	'2019-09-18 00:05:36.553829',	'2',	'2',	1,	'[{\"added\": {}}]',	13,	1),
(187,	'2019-09-18 00:05:55.662009',	'3',	'3',	1,	'[{\"added\": {}}]',	13,	1),
(188,	'2019-09-18 00:10:36.010656',	'3',	'3',	2,	'[]',	11,	1),
(189,	'2019-09-18 00:10:42.508594',	'2',	'2',	2,	'[]',	13,	1),
(190,	'2019-09-18 00:10:46.307946',	'3',	'3',	2,	'[]',	13,	1),
(191,	'2019-09-18 00:13:29.662355',	'8',	'Playa de la Barceloneta',	1,	'[{\"added\": {}}]',	17,	1),
(192,	'2019-09-18 00:14:56.680234',	'9',	'Estadio olímpico de Montjuïc',	1,	'[{\"added\": {}}]',	17,	1),
(193,	'2019-09-18 00:15:45.827577',	'10',	'Rambla de Catalunya',	1,	'[{\"added\": {}}]',	17,	1),
(194,	'2019-09-18 00:16:09.478943',	'11',	'Els quatre gats',	1,	'[{\"added\": {}}]',	17,	1),
(195,	'2019-09-18 00:17:45.691371',	'12',	'Mobile World Congress',	1,	'[{\"added\": {}}]',	17,	1),
(196,	'2019-09-18 00:18:18.178204',	'13',	'Aquàrium',	1,	'[{\"added\": {}}]',	17,	1),
(197,	'2019-09-18 00:18:47.050242',	'14',	'Mercado de la Boquería',	1,	'[{\"added\": {}}]',	17,	1),
(198,	'2019-09-18 00:19:26.882753',	'15',	'Hospital Sant Pau',	1,	'[{\"added\": {}}]',	17,	1),
(199,	'2019-09-18 00:19:56.133808',	'16',	'Barrio de Gràcia',	1,	'[{\"added\": {}}]',	17,	1),
(200,	'2019-09-18 07:42:37.671200',	'4',	'4',	1,	'[{\"added\": {}}]',	16,	1),
(201,	'2019-09-18 07:42:45.509281',	'5',	'5',	1,	'[{\"added\": {}}]',	16,	1),
(202,	'2019-09-18 07:43:26.121677',	'4',	'4',	1,	'[{\"added\": {}}]',	11,	1),
(203,	'2019-09-18 07:43:49.860655',	'4',	'4',	1,	'[{\"added\": {}}]',	13,	1),
(204,	'2019-09-18 07:44:15.018977',	'5',	'5',	1,	'[{\"added\": {}}]',	11,	1),
(205,	'2019-09-18 07:44:39.839743',	'5',	'5',	1,	'[{\"added\": {}}]',	13,	1),
(206,	'2019-09-18 07:55:02.736714',	'1',	'1',	1,	'[{\"added\": {}}]',	23,	1),
(207,	'2019-09-18 07:55:10.554665',	'2',	'2',	1,	'[{\"added\": {}}]',	23,	1),
(208,	'2019-09-18 07:55:18.847567',	'3',	'3',	1,	'[{\"added\": {}}]',	23,	1),
(209,	'2019-09-18 07:55:28.161821',	'4',	'4',	1,	'[{\"added\": {}}]',	23,	1),
(210,	'2019-09-18 07:55:41.226074',	'5',	'5',	1,	'[{\"added\": {}}]',	23,	1),
(211,	'2019-09-18 07:55:50.775414',	'6',	'6',	1,	'[{\"added\": {}}]',	23,	1),
(212,	'2019-09-18 07:55:59.301086',	'7',	'7',	1,	'[{\"added\": {}}]',	23,	1),
(213,	'2019-09-18 07:56:06.096167',	'8',	'8',	1,	'[{\"added\": {}}]',	23,	1),
(214,	'2019-09-18 07:56:14.100046',	'9',	'9',	1,	'[{\"added\": {}}]',	23,	1),
(215,	'2019-09-18 07:56:22.198977',	'10',	'10',	1,	'[{\"added\": {}}]',	23,	1),
(216,	'2019-09-18 07:56:29.209729',	'11',	'11',	1,	'[{\"added\": {}}]',	23,	1),
(217,	'2019-09-18 07:56:36.817785',	'12',	'12',	1,	'[{\"added\": {}}]',	23,	1),
(218,	'2019-09-18 07:56:44.279113',	'13',	'13',	1,	'[{\"added\": {}}]',	23,	1),
(219,	'2019-09-18 07:56:53.635958',	'14',	'14',	1,	'[{\"added\": {}}]',	23,	1),
(220,	'2019-09-18 07:57:06.810631',	'15',	'15',	1,	'[{\"added\": {}}]',	23,	1),
(221,	'2019-09-18 07:57:18.699613',	'16',	'16',	1,	'[{\"added\": {}}]',	23,	1),
(222,	'2019-09-18 07:57:48.113966',	'5',	'5',	2,	'[{\"changed\": {\"fields\": [\"items\"]}}]',	22,	1),
(223,	'2019-09-18 07:58:25.583065',	'4',	'4',	2,	'[{\"changed\": {\"fields\": [\"items\"]}}]',	22,	1),
(224,	'2019-09-18 07:58:40.688300',	'3',	'3',	2,	'[{\"changed\": {\"fields\": [\"items\"]}}]',	22,	1),
(225,	'2019-09-18 08:07:38.686182',	'1',	'1',	1,	'[{\"added\": {}}]',	21,	1),
(226,	'2019-09-18 08:07:53.157502',	'2',	'2',	1,	'[{\"added\": {}}]',	21,	1),
(227,	'2019-09-18 08:08:00.050335',	'3',	'3',	1,	'[{\"added\": {}}]',	21,	1),
(228,	'2019-09-18 08:08:11.843874',	'4',	'4',	1,	'[{\"added\": {}}]',	21,	1),
(229,	'2019-09-18 08:08:20.876427',	'5',	'5',	1,	'[{\"added\": {}}]',	21,	1),
(230,	'2019-09-18 08:08:30.390965',	'6',	'6',	1,	'[{\"added\": {}}]',	21,	1),
(231,	'2019-09-18 08:08:38.236833',	'7',	'7',	1,	'[{\"added\": {}}]',	21,	1),
(232,	'2019-09-18 08:08:49.410838',	'8',	'8',	1,	'[{\"added\": {}}]',	21,	1),
(233,	'2019-09-18 08:09:01.929220',	'9',	'9',	1,	'[{\"added\": {}}]',	21,	1),
(234,	'2019-09-18 08:22:29.065045',	'1',	'angeljimenez@uma.es',	2,	'[{\"changed\": {\"fields\": [\"password\"]}}]',	10,	1),
(235,	'2019-09-18 08:28:04.224419',	'2',	'2',	2,	'[]',	11,	1),
(236,	'2019-09-18 08:33:10.856796',	'16',	'16',	2,	'[]',	23,	1),
(237,	'2019-09-19 01:47:37.582982',	'7',	'Finalidad - Ocio deportivo',	3,	'',	14,	1),
(238,	'2019-09-19 01:47:47.805075',	'6',	'Finalidad - Festivo',	2,	'[{\"changed\": {\"fields\": [\"domain\"]}}]',	14,	1),
(239,	'2019-09-23 00:46:55.700946',	'1',	'Sagrada Familia',	2,	'[{\"changed\": {\"fields\": [\"gps_point\"]}}]',	17,	1),
(240,	'2019-09-23 00:48:29.459663',	'1',	'Sagrada Familia',	2,	'[{\"changed\": {\"fields\": [\"gps_point\"]}}]',	17,	1),
(241,	'2019-09-23 00:53:09.683612',	'1',	'Sagrada Familia',	2,	'[{\"changed\": {\"fields\": [\"gps_point\"]}}]',	17,	1),
(242,	'2019-09-23 21:04:09.807514',	'1',	'Sagrada Familia',	2,	'[{\"changed\": {\"fields\": [\"description\"]}}]',	17,	1),
(243,	'2019-09-23 21:05:11.652661',	'1',	'Sagrada Familia',	2,	'[{\"changed\": {\"fields\": [\"description\"]}}]',	17,	1),
(244,	'2019-09-24 00:33:03.459901',	'4',	'4',	3,	'',	24,	1),
(245,	'2019-09-24 00:33:03.473654',	'3',	'3',	3,	'',	24,	1),
(246,	'2019-09-24 00:33:03.483524',	'2',	'2',	3,	'',	24,	1),
(247,	'2019-09-24 00:37:28.278755',	'5',	'5',	3,	'',	24,	1),
(248,	'2019-09-24 00:39:19.184320',	'6',	'6',	3,	'',	24,	1),
(249,	'2019-09-24 00:41:07.697698',	'7',	'7',	3,	'',	24,	1),
(250,	'2019-09-24 01:16:52.392667',	'2',	'Arc del Triomf',	2,	'[{\"changed\": {\"fields\": [\"gps_point\"]}}]',	17,	1),
(251,	'2019-09-24 01:17:17.278244',	'3',	'Zoo de Barcelona',	2,	'[{\"changed\": {\"fields\": [\"gps_point\"]}}]',	17,	1),
(252,	'2019-09-24 01:17:56.150375',	'4',	'Museo Nacional de Arte de Catalunya',	2,	'[{\"changed\": {\"fields\": [\"gps_point\"]}}]',	17,	1),
(253,	'2019-09-24 01:24:40.272421',	'14',	'14',	3,	'',	24,	1),
(254,	'2019-09-24 07:59:10.865485',	'5',	'5',	3,	'',	22,	1),
(255,	'2019-09-24 09:23:19.383920',	'19',	'0.30 for angeljimenez@uma.es in Finalidad - Relax',	3,	'',	23,	1),
(256,	'2019-09-24 09:23:19.396147',	'18',	'0.60 for angeljimenez@uma.es in Finalidad - Relax',	3,	'',	23,	1),
(257,	'2019-09-24 09:23:19.402713',	'17',	'0.70 for angeljimenez@uma.es in Finalidad - Relax',	3,	'',	23,	1),
(258,	'2019-09-24 09:27:59.306476',	'4',	'0.90 for angeljimenez@uma.es in Finalidad - Festivo',	3,	'',	23,	1),
(259,	'2019-09-24 10:28:17.412286',	'5',	'5',	1,	'[{\"added\": {}}]',	16,	1),
(260,	'2019-09-24 10:28:26.890209',	'6',	'6',	1,	'[{\"added\": {}}]',	16,	1),
(261,	'2019-09-24 10:28:39.998371',	'6',	'6',	3,	'',	16,	1),
(262,	'2019-09-24 10:28:40.025822',	'5',	'5',	3,	'',	16,	1);

CREATE TABLE `django_content_type` (
  `id` int(11) NOT NULL AUTO_INCREMENT,
  `app_label` varchar(100) NOT NULL,
  `model` varchar(100) NOT NULL,
  PRIMARY KEY (`id`),
  UNIQUE KEY `django_content_type_app_label_model_76bd3d3b_uniq` (`app_label`,`model`)
) ENGINE=InnoDB DEFAULT CHARSET=latin1;

INSERT INTO `django_content_type` (`id`, `app_label`, `model`) VALUES
(1,	'admin',	'logentry'),
(3,	'auth',	'group'),
(2,	'auth',	'permission'),
(9,	'authtoken',	'token'),
(8,	'cities_light',	'city'),
(6,	'cities_light',	'country'),
(7,	'cities_light',	'region'),
(4,	'contenttypes',	'contenttype'),
(11,	'recommender',	'antecedent'),
(19,	'recommender',	'attributecategory'),
(12,	'recommender',	'city'),
(13,	'recommender',	'consequent'),
(14,	'recommender',	'contextsegment'),
(10,	'recommender',	'customuser'),
(15,	'recommender',	'group'),
(16,	'recommender',	'implication'),
(17,	'recommender',	'item'),
(18,	'recommender',	'itemattribute'),
(20,	'recommender',	'pertenancegrade'),
(21,	'recommender',	'preferencegrade'),
(22,	'recommender',	'recommendation'),
(25,	'recommender',	'recommendationcontext'),
(23,	'recommender',	'usercontext'),
(24,	'recommender',	'valoration'),
(5,	'sessions',	'session');

CREATE TABLE `django_migrations` (
  `id` int(11) NOT NULL AUTO_INCREMENT,
  `app` varchar(255) NOT NULL,
  `name` varchar(255) NOT NULL,
  `applied` datetime(6) NOT NULL,
  PRIMARY KEY (`id`)
) ENGINE=InnoDB DEFAULT CHARSET=latin1;

INSERT INTO `django_migrations` (`id`, `app`, `name`, `applied`) VALUES
(1,	'contenttypes',	'0001_initial',	'2019-06-16 17:48:21.715902'),
(2,	'contenttypes',	'0002_remove_content_type_name',	'2019-06-16 17:48:21.859414'),
(3,	'auth',	'0001_initial',	'2019-06-16 17:48:22.346978'),
(4,	'auth',	'0002_alter_permission_name_max_length',	'2019-06-16 17:48:22.426709'),
(5,	'auth',	'0003_alter_user_email_max_length',	'2019-06-16 17:48:22.438904'),
(6,	'auth',	'0004_alter_user_username_opts',	'2019-06-16 17:48:22.450995'),
(7,	'auth',	'0005_alter_user_last_login_null',	'2019-06-16 17:48:22.463022'),
(8,	'auth',	'0006_require_contenttypes_0002',	'2019-06-16 17:48:22.470622'),
(9,	'auth',	'0007_alter_validators_add_error_messages',	'2019-06-16 17:48:22.481784'),
(10,	'auth',	'0008_alter_user_username_max_length',	'2019-06-16 17:48:22.493282'),
(11,	'auth',	'0009_alter_user_last_name_max_length',	'2019-06-16 17:48:22.505394'),
(12,	'recommender',	'0001_initial',	'2019-06-16 17:48:26.934789'),
(13,	'admin',	'0001_initial',	'2019-06-16 17:48:27.195788'),
(14,	'admin',	'0002_logentry_remove_auto_add',	'2019-06-16 17:48:27.213006'),
(15,	'admin',	'0003_logentry_add_action_flag_choices',	'2019-06-16 17:48:27.233111'),
(16,	'authtoken',	'0001_initial',	'2019-06-16 17:48:27.397754'),
(17,	'authtoken',	'0002_auto_20160226_1747',	'2019-06-16 17:48:27.561017'),
(18,	'cities_light',	'0001_initial',	'2019-06-16 17:48:28.113560'),
(19,	'cities_light',	'0002_city',	'2019-06-16 17:48:28.570180'),
(20,	'cities_light',	'0003_auto_20141120_0342',	'2019-06-16 17:48:28.585703'),
(21,	'cities_light',	'0004_autoslug_update',	'2019-06-16 17:48:28.605922'),
(22,	'cities_light',	'0005_blank_phone',	'2019-06-16 17:48:28.647552'),
(23,	'cities_light',	'0006_compensate_for_0003_bytestring_bug',	'2019-06-16 17:48:28.659275'),
(24,	'cities_light',	'0007_make_country_name_not_unique',	'2019-06-16 17:48:28.709739'),
(25,	'cities_light',	'0008_city_timezone',	'2019-06-16 17:48:28.877125'),
(26,	'sessions',	'0001_initial',	'2019-06-16 17:48:28.948548'),
(27,	'recommender',	'0002_auto_20190616_2306',	'2019-06-16 23:08:38.447635'),
(28,	'auth',	'0010_alter_group_name_max_length',	'2019-06-16 23:26:19.594247'),
(29,	'auth',	'0011_update_proxy_permissions',	'2019-06-16 23:26:19.620390'),
(30,	'recommender',	'0003_auto_20190617_1704',	'2019-06-17 17:05:00.842883'),
(31,	'recommender',	'0004_auto_20190617_1728',	'2019-06-17 17:28:34.683288'),
(32,	'recommender',	'0005_auto_20190623_1732',	'2019-06-23 17:32:57.051264'),
(33,	'recommender',	'0006_item_price',	'2019-06-24 06:57:20.780219'),
(34,	'recommender',	'0007_auto_20190624_1841',	'2019-06-24 18:42:03.257007'),
(35,	'recommender',	'0008_auto_20190917_1200',	'2019-09-17 12:01:08.337517'),
(36,	'recommender',	'0009_auto_20190917_1453',	'2019-09-17 14:53:53.637015'),
(37,	'recommender',	'0010_auto_20190917_1522',	'2019-09-17 15:22:41.419212'),
(38,	'recommender',	'0011_auto_20190917_1542',	'2019-09-17 15:42:52.385085'),
(39,	'recommender',	'0012_auto_20190918_0806',	'2019-09-18 08:06:57.372391'),
(40,	'recommender',	'0013_remove_item_date',	'2019-09-18 23:46:03.956352'),
(41,	'recommender',	'0014_auto_20190923_0052',	'2019-09-23 00:52:25.827932'),
(42,	'recommender',	'0015_auto_20190923_2244',	'2019-09-23 22:45:02.096747');

CREATE TABLE `django_session` (
  `session_key` varchar(40) NOT NULL,
  `session_data` longtext NOT NULL,
  `expire_date` datetime(6) NOT NULL,
  PRIMARY KEY (`session_key`),
  KEY `django_session_expire_date_a5c62663` (`expire_date`)
) ENGINE=InnoDB DEFAULT CHARSET=latin1;

INSERT INTO `django_session` (`session_key`, `session_data`, `expire_date`) VALUES
('04xgi6p55y87i8xk6agng4e9oae1a0k5',	'NTIwMDk5MGY2ODZiYTU1NTI5OGM5NjU2NDEwZGRmOTRkYTZkNGNjYTp7Il9hdXRoX3VzZXJfaWQiOiIxIiwiX2F1dGhfdXNlcl9iYWNrZW5kIjoiZGphbmdvLmNvbnRyaWIuYXV0aC5iYWNrZW5kcy5Nb2RlbEJhY2tlbmQiLCJfYXV0aF91c2VyX2hhc2giOiIzYzc0ZjdhMmRlYzc1OWM3NWQ4ZTJkMjYyNGYxZDU5YjVkN2M3NTVhIn0=',	'2019-10-07 22:40:51.008203'),
('0fem1o0vc4hsv0oe39ncgtt61sgwrw2y',	'Zjg5MDFhNDgzMjhjM2Q3MDk0YmUzNDliYjllOWJhZTcxODJkOGI1Nzp7Il9hdXRoX3VzZXJfaWQiOiIxIiwiX2F1dGhfdXNlcl9iYWNrZW5kIjoiZGphbmdvLmNvbnRyaWIuYXV0aC5iYWNrZW5kcy5Nb2RlbEJhY2tlbmQiLCJfYXV0aF91c2VyX2hhc2giOiI2MDEwMzk0NmM0Nzg0NjcyMjYzOTY1ZWZmYjBlMGZjZTY5ZGMwZjg5In0=',	'2019-07-07 12:09:44.817602'),
('0s3kfb7414jbf05tbtg7towcrizd3l5j',	'Zjg5MDFhNDgzMjhjM2Q3MDk0YmUzNDliYjllOWJhZTcxODJkOGI1Nzp7Il9hdXRoX3VzZXJfaWQiOiIxIiwiX2F1dGhfdXNlcl9iYWNrZW5kIjoiZGphbmdvLmNvbnRyaWIuYXV0aC5iYWNrZW5kcy5Nb2RlbEJhY2tlbmQiLCJfYXV0aF91c2VyX2hhc2giOiI2MDEwMzk0NmM0Nzg0NjcyMjYzOTY1ZWZmYjBlMGZjZTY5ZGMwZjg5In0=',	'2019-07-07 16:23:06.207615'),
('1v9638btjr62atld5aa5b3i073ozkhs1',	'Zjg5MDFhNDgzMjhjM2Q3MDk0YmUzNDliYjllOWJhZTcxODJkOGI1Nzp7Il9hdXRoX3VzZXJfaWQiOiIxIiwiX2F1dGhfdXNlcl9iYWNrZW5kIjoiZGphbmdvLmNvbnRyaWIuYXV0aC5iYWNrZW5kcy5Nb2RlbEJhY2tlbmQiLCJfYXV0aF91c2VyX2hhc2giOiI2MDEwMzk0NmM0Nzg0NjcyMjYzOTY1ZWZmYjBlMGZjZTY5ZGMwZjg5In0=',	'2019-07-07 17:21:50.916937'),
('26h4adj517z7bxazdcw2rck5wbgei33v',	'Zjg5MDFhNDgzMjhjM2Q3MDk0YmUzNDliYjllOWJhZTcxODJkOGI1Nzp7Il9hdXRoX3VzZXJfaWQiOiIxIiwiX2F1dGhfdXNlcl9iYWNrZW5kIjoiZGphbmdvLmNvbnRyaWIuYXV0aC5iYWNrZW5kcy5Nb2RlbEJhY2tlbmQiLCJfYXV0aF91c2VyX2hhc2giOiI2MDEwMzk0NmM0Nzg0NjcyMjYzOTY1ZWZmYjBlMGZjZTY5ZGMwZjg5In0=',	'2019-07-07 16:30:10.049487'),
('2sy4pfbe1jttv2r8e6wqoyhwlebd1nzi',	'Zjg5MDFhNDgzMjhjM2Q3MDk0YmUzNDliYjllOWJhZTcxODJkOGI1Nzp7Il9hdXRoX3VzZXJfaWQiOiIxIiwiX2F1dGhfdXNlcl9iYWNrZW5kIjoiZGphbmdvLmNvbnRyaWIuYXV0aC5iYWNrZW5kcy5Nb2RlbEJhY2tlbmQiLCJfYXV0aF91c2VyX2hhc2giOiI2MDEwMzk0NmM0Nzg0NjcyMjYzOTY1ZWZmYjBlMGZjZTY5ZGMwZjg5In0=',	'2019-07-07 18:06:16.189219'),
('39b8iv4lxkhb4xpcrqzyak0umqy029t5',	'N2ZhZjBmOGIyODA3NWQ2OWQ0ZTBkNGQyZTk2NGE4ODdiNzc0MGFmYjp7Il9hdXRoX3VzZXJfaWQiOiIxIiwiX2F1dGhfdXNlcl9iYWNrZW5kIjoiZGphbmdvLmNvbnRyaWIuYXV0aC5iYWNrZW5kcy5Nb2RlbEJhY2tlbmQiLCJfYXV0aF91c2VyX2hhc2giOiI5NGI5ZThiNzNiZGM2N2UzMzAyYWE5YzUxMGI4MzU3OWM4YWM4ZDkwIn0=',	'2019-07-06 08:44:50.928864'),
('3dq2cz3bmvnp643s3x4rgmbf0srbht71',	'Zjg5MDFhNDgzMjhjM2Q3MDk0YmUzNDliYjllOWJhZTcxODJkOGI1Nzp7Il9hdXRoX3VzZXJfaWQiOiIxIiwiX2F1dGhfdXNlcl9iYWNrZW5kIjoiZGphbmdvLmNvbnRyaWIuYXV0aC5iYWNrZW5kcy5Nb2RlbEJhY2tlbmQiLCJfYXV0aF91c2VyX2hhc2giOiI2MDEwMzk0NmM0Nzg0NjcyMjYzOTY1ZWZmYjBlMGZjZTY5ZGMwZjg5In0=',	'2019-07-07 18:08:59.236384'),
('3v7ao9rc44457kffd7pqycfyi4m2ytlq',	'Zjg5MDFhNDgzMjhjM2Q3MDk0YmUzNDliYjllOWJhZTcxODJkOGI1Nzp7Il9hdXRoX3VzZXJfaWQiOiIxIiwiX2F1dGhfdXNlcl9iYWNrZW5kIjoiZGphbmdvLmNvbnRyaWIuYXV0aC5iYWNrZW5kcy5Nb2RlbEJhY2tlbmQiLCJfYXV0aF91c2VyX2hhc2giOiI2MDEwMzk0NmM0Nzg0NjcyMjYzOTY1ZWZmYjBlMGZjZTY5ZGMwZjg5In0=',	'2019-07-07 16:49:13.197589'),
('3yt3xa1r42j4fze85c3gaguao4ghbuky',	'NTIwMDk5MGY2ODZiYTU1NTI5OGM5NjU2NDEwZGRmOTRkYTZkNGNjYTp7Il9hdXRoX3VzZXJfaWQiOiIxIiwiX2F1dGhfdXNlcl9iYWNrZW5kIjoiZGphbmdvLmNvbnRyaWIuYXV0aC5iYWNrZW5kcy5Nb2RlbEJhY2tlbmQiLCJfYXV0aF91c2VyX2hhc2giOiIzYzc0ZjdhMmRlYzc1OWM3NWQ4ZTJkMjYyNGYxZDU5YjVkN2M3NTVhIn0=',	'2019-10-07 17:10:43.768116'),
('4gjl1f12b402pr98p7w5xikiq9wbnbr5',	'Zjg5MDFhNDgzMjhjM2Q3MDk0YmUzNDliYjllOWJhZTcxODJkOGI1Nzp7Il9hdXRoX3VzZXJfaWQiOiIxIiwiX2F1dGhfdXNlcl9iYWNrZW5kIjoiZGphbmdvLmNvbnRyaWIuYXV0aC5iYWNrZW5kcy5Nb2RlbEJhY2tlbmQiLCJfYXV0aF91c2VyX2hhc2giOiI2MDEwMzk0NmM0Nzg0NjcyMjYzOTY1ZWZmYjBlMGZjZTY5ZGMwZjg5In0=',	'2019-07-07 17:11:33.287610'),
('4wx8vdposwpfp4jm29a4d2ygxakmes5p',	'Zjg5MDFhNDgzMjhjM2Q3MDk0YmUzNDliYjllOWJhZTcxODJkOGI1Nzp7Il9hdXRoX3VzZXJfaWQiOiIxIiwiX2F1dGhfdXNlcl9iYWNrZW5kIjoiZGphbmdvLmNvbnRyaWIuYXV0aC5iYWNrZW5kcy5Nb2RlbEJhY2tlbmQiLCJfYXV0aF91c2VyX2hhc2giOiI2MDEwMzk0NmM0Nzg0NjcyMjYzOTY1ZWZmYjBlMGZjZTY5ZGMwZjg5In0=',	'2019-07-07 11:06:10.113565'),
('4xj9c6y42ms9t48mrd4zeph6a14aqkxz',	'N2ZhZjBmOGIyODA3NWQ2OWQ0ZTBkNGQyZTk2NGE4ODdiNzc0MGFmYjp7Il9hdXRoX3VzZXJfaWQiOiIxIiwiX2F1dGhfdXNlcl9iYWNrZW5kIjoiZGphbmdvLmNvbnRyaWIuYXV0aC5iYWNrZW5kcy5Nb2RlbEJhY2tlbmQiLCJfYXV0aF91c2VyX2hhc2giOiI5NGI5ZThiNzNiZGM2N2UzMzAyYWE5YzUxMGI4MzU3OWM4YWM4ZDkwIn0=',	'2019-07-07 08:41:20.599478'),
('5xh17dwqmwdocpu0jm7f7219kp96cna8',	'Zjg5MDFhNDgzMjhjM2Q3MDk0YmUzNDliYjllOWJhZTcxODJkOGI1Nzp7Il9hdXRoX3VzZXJfaWQiOiIxIiwiX2F1dGhfdXNlcl9iYWNrZW5kIjoiZGphbmdvLmNvbnRyaWIuYXV0aC5iYWNrZW5kcy5Nb2RlbEJhY2tlbmQiLCJfYXV0aF91c2VyX2hhc2giOiI2MDEwMzk0NmM0Nzg0NjcyMjYzOTY1ZWZmYjBlMGZjZTY5ZGMwZjg5In0=',	'2019-07-07 17:28:23.929378'),
('63a9xw4gaxz95ljmrjfuge5g9dlb9di1',	'N2ZhZjBmOGIyODA3NWQ2OWQ0ZTBkNGQyZTk2NGE4ODdiNzc0MGFmYjp7Il9hdXRoX3VzZXJfaWQiOiIxIiwiX2F1dGhfdXNlcl9iYWNrZW5kIjoiZGphbmdvLmNvbnRyaWIuYXV0aC5iYWNrZW5kcy5Nb2RlbEJhY2tlbmQiLCJfYXV0aF91c2VyX2hhc2giOiI5NGI5ZThiNzNiZGM2N2UzMzAyYWE5YzUxMGI4MzU3OWM4YWM4ZDkwIn0=',	'2019-07-06 08:51:59.444198'),
('7s1zefdcm1rkmgqqwo1w4eso8y6rlev5',	'N2ZhZjBmOGIyODA3NWQ2OWQ0ZTBkNGQyZTk2NGE4ODdiNzc0MGFmYjp7Il9hdXRoX3VzZXJfaWQiOiIxIiwiX2F1dGhfdXNlcl9iYWNrZW5kIjoiZGphbmdvLmNvbnRyaWIuYXV0aC5iYWNrZW5kcy5Nb2RlbEJhY2tlbmQiLCJfYXV0aF91c2VyX2hhc2giOiI5NGI5ZThiNzNiZGM2N2UzMzAyYWE5YzUxMGI4MzU3OWM4YWM4ZDkwIn0=',	'2019-07-06 08:03:52.989407'),
('9j2zfd58zghod27jsp44ia5nxtycqxtz',	'Zjg5MDFhNDgzMjhjM2Q3MDk0YmUzNDliYjllOWJhZTcxODJkOGI1Nzp7Il9hdXRoX3VzZXJfaWQiOiIxIiwiX2F1dGhfdXNlcl9iYWNrZW5kIjoiZGphbmdvLmNvbnRyaWIuYXV0aC5iYWNrZW5kcy5Nb2RlbEJhY2tlbmQiLCJfYXV0aF91c2VyX2hhc2giOiI2MDEwMzk0NmM0Nzg0NjcyMjYzOTY1ZWZmYjBlMGZjZTY5ZGMwZjg5In0=',	'2019-07-07 16:55:12.350074'),
('9jw1xnfcrbyhyc3vxoe8av2krgrieda6',	'Zjg5MDFhNDgzMjhjM2Q3MDk0YmUzNDliYjllOWJhZTcxODJkOGI1Nzp7Il9hdXRoX3VzZXJfaWQiOiIxIiwiX2F1dGhfdXNlcl9iYWNrZW5kIjoiZGphbmdvLmNvbnRyaWIuYXV0aC5iYWNrZW5kcy5Nb2RlbEJhY2tlbmQiLCJfYXV0aF91c2VyX2hhc2giOiI2MDEwMzk0NmM0Nzg0NjcyMjYzOTY1ZWZmYjBlMGZjZTY5ZGMwZjg5In0=',	'2019-07-07 16:20:13.495088'),
('9rfq3ix8o6stm1bbeojh01b22n36hfcs',	'N2ZhZjBmOGIyODA3NWQ2OWQ0ZTBkNGQyZTk2NGE4ODdiNzc0MGFmYjp7Il9hdXRoX3VzZXJfaWQiOiIxIiwiX2F1dGhfdXNlcl9iYWNrZW5kIjoiZGphbmdvLmNvbnRyaWIuYXV0aC5iYWNrZW5kcy5Nb2RlbEJhY2tlbmQiLCJfYXV0aF91c2VyX2hhc2giOiI5NGI5ZThiNzNiZGM2N2UzMzAyYWE5YzUxMGI4MzU3OWM4YWM4ZDkwIn0=',	'2019-07-06 08:12:23.319037'),
('aasabfcamjxgxq64x3j1wf5eaei7js0l',	'Zjg5MDFhNDgzMjhjM2Q3MDk0YmUzNDliYjllOWJhZTcxODJkOGI1Nzp7Il9hdXRoX3VzZXJfaWQiOiIxIiwiX2F1dGhfdXNlcl9iYWNrZW5kIjoiZGphbmdvLmNvbnRyaWIuYXV0aC5iYWNrZW5kcy5Nb2RlbEJhY2tlbmQiLCJfYXV0aF91c2VyX2hhc2giOiI2MDEwMzk0NmM0Nzg0NjcyMjYzOTY1ZWZmYjBlMGZjZTY5ZGMwZjg5In0=',	'2019-07-07 12:08:56.887160'),
('abmcisulja141snr93h8fzyixtn6xwkg',	'N2ZhZjBmOGIyODA3NWQ2OWQ0ZTBkNGQyZTk2NGE4ODdiNzc0MGFmYjp7Il9hdXRoX3VzZXJfaWQiOiIxIiwiX2F1dGhfdXNlcl9iYWNrZW5kIjoiZGphbmdvLmNvbnRyaWIuYXV0aC5iYWNrZW5kcy5Nb2RlbEJhY2tlbmQiLCJfYXV0aF91c2VyX2hhc2giOiI5NGI5ZThiNzNiZGM2N2UzMzAyYWE5YzUxMGI4MzU3OWM4YWM4ZDkwIn0=',	'2019-07-07 08:38:24.601135'),
('axyb6z4xxu6xpub0g7fr6ji4pqihxtbj',	'Zjg5MDFhNDgzMjhjM2Q3MDk0YmUzNDliYjllOWJhZTcxODJkOGI1Nzp7Il9hdXRoX3VzZXJfaWQiOiIxIiwiX2F1dGhfdXNlcl9iYWNrZW5kIjoiZGphbmdvLmNvbnRyaWIuYXV0aC5iYWNrZW5kcy5Nb2RlbEJhY2tlbmQiLCJfYXV0aF91c2VyX2hhc2giOiI2MDEwMzk0NmM0Nzg0NjcyMjYzOTY1ZWZmYjBlMGZjZTY5ZGMwZjg5In0=',	'2019-10-02 08:20:59.027256'),
('bt0x6yr11lzvu61subzw5uybjugyt3mn',	'Zjg5MDFhNDgzMjhjM2Q3MDk0YmUzNDliYjllOWJhZTcxODJkOGI1Nzp7Il9hdXRoX3VzZXJfaWQiOiIxIiwiX2F1dGhfdXNlcl9iYWNrZW5kIjoiZGphbmdvLmNvbnRyaWIuYXV0aC5iYWNrZW5kcy5Nb2RlbEJhY2tlbmQiLCJfYXV0aF91c2VyX2hhc2giOiI2MDEwMzk0NmM0Nzg0NjcyMjYzOTY1ZWZmYjBlMGZjZTY5ZGMwZjg5In0=',	'2019-07-07 16:51:39.257243'),
('buli3q64f71zl47syimulrguyiatexh7',	'NTIwMDk5MGY2ODZiYTU1NTI5OGM5NjU2NDEwZGRmOTRkYTZkNGNjYTp7Il9hdXRoX3VzZXJfaWQiOiIxIiwiX2F1dGhfdXNlcl9iYWNrZW5kIjoiZGphbmdvLmNvbnRyaWIuYXV0aC5iYWNrZW5kcy5Nb2RlbEJhY2tlbmQiLCJfYXV0aF91c2VyX2hhc2giOiIzYzc0ZjdhMmRlYzc1OWM3NWQ4ZTJkMjYyNGYxZDU5YjVkN2M3NTVhIn0=',	'2019-10-06 23:49:04.915190'),
('bz49auwtz55uokw6lnei9jv2e0apg0nx',	'Zjg5MDFhNDgzMjhjM2Q3MDk0YmUzNDliYjllOWJhZTcxODJkOGI1Nzp7Il9hdXRoX3VzZXJfaWQiOiIxIiwiX2F1dGhfdXNlcl9iYWNrZW5kIjoiZGphbmdvLmNvbnRyaWIuYXV0aC5iYWNrZW5kcy5Nb2RlbEJhY2tlbmQiLCJfYXV0aF91c2VyX2hhc2giOiI2MDEwMzk0NmM0Nzg0NjcyMjYzOTY1ZWZmYjBlMGZjZTY5ZGMwZjg5In0=',	'2019-07-07 17:00:13.575850'),
('ck37j66uqkivynk5whhdmmy2hkkwoxf7',	'N2ZhZjBmOGIyODA3NWQ2OWQ0ZTBkNGQyZTk2NGE4ODdiNzc0MGFmYjp7Il9hdXRoX3VzZXJfaWQiOiIxIiwiX2F1dGhfdXNlcl9iYWNrZW5kIjoiZGphbmdvLmNvbnRyaWIuYXV0aC5iYWNrZW5kcy5Nb2RlbEJhY2tlbmQiLCJfYXV0aF91c2VyX2hhc2giOiI5NGI5ZThiNzNiZGM2N2UzMzAyYWE5YzUxMGI4MzU3OWM4YWM4ZDkwIn0=',	'2019-07-06 08:49:02.982595'),
('dar97h20pxkxi6avug5i5okbalma2g9j',	'Zjg5MDFhNDgzMjhjM2Q3MDk0YmUzNDliYjllOWJhZTcxODJkOGI1Nzp7Il9hdXRoX3VzZXJfaWQiOiIxIiwiX2F1dGhfdXNlcl9iYWNrZW5kIjoiZGphbmdvLmNvbnRyaWIuYXV0aC5iYWNrZW5kcy5Nb2RlbEJhY2tlbmQiLCJfYXV0aF91c2VyX2hhc2giOiI2MDEwMzk0NmM0Nzg0NjcyMjYzOTY1ZWZmYjBlMGZjZTY5ZGMwZjg5In0=',	'2019-10-01 10:27:37.242887'),
('de1tv3dw327lu1194htomm5h7clt2qj8',	'Zjg5MDFhNDgzMjhjM2Q3MDk0YmUzNDliYjllOWJhZTcxODJkOGI1Nzp7Il9hdXRoX3VzZXJfaWQiOiIxIiwiX2F1dGhfdXNlcl9iYWNrZW5kIjoiZGphbmdvLmNvbnRyaWIuYXV0aC5iYWNrZW5kcy5Nb2RlbEJhY2tlbmQiLCJfYXV0aF91c2VyX2hhc2giOiI2MDEwMzk0NmM0Nzg0NjcyMjYzOTY1ZWZmYjBlMGZjZTY5ZGMwZjg5In0=',	'2019-07-07 16:16:46.355452'),
('dkptu48gzecv74g37gqva3skpa0f5u0v',	'N2ZhZjBmOGIyODA3NWQ2OWQ0ZTBkNGQyZTk2NGE4ODdiNzc0MGFmYjp7Il9hdXRoX3VzZXJfaWQiOiIxIiwiX2F1dGhfdXNlcl9iYWNrZW5kIjoiZGphbmdvLmNvbnRyaWIuYXV0aC5iYWNrZW5kcy5Nb2RlbEJhY2tlbmQiLCJfYXV0aF91c2VyX2hhc2giOiI5NGI5ZThiNzNiZGM2N2UzMzAyYWE5YzUxMGI4MzU3OWM4YWM4ZDkwIn0=',	'2019-07-06 08:16:05.357474'),
('dra41cvwccf0940za9gc2yu5cxrrlz68',	'Zjg5MDFhNDgzMjhjM2Q3MDk0YmUzNDliYjllOWJhZTcxODJkOGI1Nzp7Il9hdXRoX3VzZXJfaWQiOiIxIiwiX2F1dGhfdXNlcl9iYWNrZW5kIjoiZGphbmdvLmNvbnRyaWIuYXV0aC5iYWNrZW5kcy5Nb2RlbEJhY2tlbmQiLCJfYXV0aF91c2VyX2hhc2giOiI2MDEwMzk0NmM0Nzg0NjcyMjYzOTY1ZWZmYjBlMGZjZTY5ZGMwZjg5In0=',	'2019-07-07 16:21:57.772182'),
('eqor7vosc5ujnm6ksec346qqnuyrpmfd',	'Zjg5MDFhNDgzMjhjM2Q3MDk0YmUzNDliYjllOWJhZTcxODJkOGI1Nzp7Il9hdXRoX3VzZXJfaWQiOiIxIiwiX2F1dGhfdXNlcl9iYWNrZW5kIjoiZGphbmdvLmNvbnRyaWIuYXV0aC5iYWNrZW5kcy5Nb2RlbEJhY2tlbmQiLCJfYXV0aF91c2VyX2hhc2giOiI2MDEwMzk0NmM0Nzg0NjcyMjYzOTY1ZWZmYjBlMGZjZTY5ZGMwZjg5In0=',	'2019-07-07 16:19:35.743620'),
('ergtvuto8qmhmbmvqr718yusnbvh2mxu',	'N2ZhZjBmOGIyODA3NWQ2OWQ0ZTBkNGQyZTk2NGE4ODdiNzc0MGFmYjp7Il9hdXRoX3VzZXJfaWQiOiIxIiwiX2F1dGhfdXNlcl9iYWNrZW5kIjoiZGphbmdvLmNvbnRyaWIuYXV0aC5iYWNrZW5kcy5Nb2RlbEJhY2tlbmQiLCJfYXV0aF91c2VyX2hhc2giOiI5NGI5ZThiNzNiZGM2N2UzMzAyYWE5YzUxMGI4MzU3OWM4YWM4ZDkwIn0=',	'2019-07-06 08:49:33.105623'),
('fvazewqeqvpoxp2s14vscrtz9facn3x4',	'NTIwMDk5MGY2ODZiYTU1NTI5OGM5NjU2NDEwZGRmOTRkYTZkNGNjYTp7Il9hdXRoX3VzZXJfaWQiOiIxIiwiX2F1dGhfdXNlcl9iYWNrZW5kIjoiZGphbmdvLmNvbnRyaWIuYXV0aC5iYWNrZW5kcy5Nb2RlbEJhY2tlbmQiLCJfYXV0aF91c2VyX2hhc2giOiIzYzc0ZjdhMmRlYzc1OWM3NWQ4ZTJkMjYyNGYxZDU5YjVkN2M3NTVhIn0=',	'2019-10-07 22:41:03.145548'),
('g75nhh4ehpyvjy27lahc6bopwa7fc543',	'Zjg5MDFhNDgzMjhjM2Q3MDk0YmUzNDliYjllOWJhZTcxODJkOGI1Nzp7Il9hdXRoX3VzZXJfaWQiOiIxIiwiX2F1dGhfdXNlcl9iYWNrZW5kIjoiZGphbmdvLmNvbnRyaWIuYXV0aC5iYWNrZW5kcy5Nb2RlbEJhY2tlbmQiLCJfYXV0aF91c2VyX2hhc2giOiI2MDEwMzk0NmM0Nzg0NjcyMjYzOTY1ZWZmYjBlMGZjZTY5ZGMwZjg5In0=',	'2019-07-07 16:21:30.469823'),
('h59p0um7akcxg7tdo6dkxpfwiz4yd7nf',	'NTIwMDk5MGY2ODZiYTU1NTI5OGM5NjU2NDEwZGRmOTRkYTZkNGNjYTp7Il9hdXRoX3VzZXJfaWQiOiIxIiwiX2F1dGhfdXNlcl9iYWNrZW5kIjoiZGphbmdvLmNvbnRyaWIuYXV0aC5iYWNrZW5kcy5Nb2RlbEJhY2tlbmQiLCJfYXV0aF91c2VyX2hhc2giOiIzYzc0ZjdhMmRlYzc1OWM3NWQ4ZTJkMjYyNGYxZDU5YjVkN2M3NTVhIn0=',	'2019-10-08 13:26:46.767931'),
('hamf22ligmi9i1nof1o596ccc5d6hf0f',	'Zjg5MDFhNDgzMjhjM2Q3MDk0YmUzNDliYjllOWJhZTcxODJkOGI1Nzp7Il9hdXRoX3VzZXJfaWQiOiIxIiwiX2F1dGhfdXNlcl9iYWNrZW5kIjoiZGphbmdvLmNvbnRyaWIuYXV0aC5iYWNrZW5kcy5Nb2RlbEJhY2tlbmQiLCJfYXV0aF91c2VyX2hhc2giOiI2MDEwMzk0NmM0Nzg0NjcyMjYzOTY1ZWZmYjBlMGZjZTY5ZGMwZjg5In0=',	'2019-07-07 17:20:27.293576'),
('hgp81knr4pb6zdrnfz3bpgxrfqesa6yb',	'N2ZhZjBmOGIyODA3NWQ2OWQ0ZTBkNGQyZTk2NGE4ODdiNzc0MGFmYjp7Il9hdXRoX3VzZXJfaWQiOiIxIiwiX2F1dGhfdXNlcl9iYWNrZW5kIjoiZGphbmdvLmNvbnRyaWIuYXV0aC5iYWNrZW5kcy5Nb2RlbEJhY2tlbmQiLCJfYXV0aF91c2VyX2hhc2giOiI5NGI5ZThiNzNiZGM2N2UzMzAyYWE5YzUxMGI4MzU3OWM4YWM4ZDkwIn0=',	'2019-07-07 08:39:03.333276'),
('hvjdsnk63siwy9hyor69y0fcs9gsffu7',	'Zjg5MDFhNDgzMjhjM2Q3MDk0YmUzNDliYjllOWJhZTcxODJkOGI1Nzp7Il9hdXRoX3VzZXJfaWQiOiIxIiwiX2F1dGhfdXNlcl9iYWNrZW5kIjoiZGphbmdvLmNvbnRyaWIuYXV0aC5iYWNrZW5kcy5Nb2RlbEJhY2tlbmQiLCJfYXV0aF91c2VyX2hhc2giOiI2MDEwMzk0NmM0Nzg0NjcyMjYzOTY1ZWZmYjBlMGZjZTY5ZGMwZjg5In0=',	'2019-07-07 16:11:51.392353'),
('i2gwk98imp0u9ntbx5wdk1bswj85kkez',	'NTIwMDk5MGY2ODZiYTU1NTI5OGM5NjU2NDEwZGRmOTRkYTZkNGNjYTp7Il9hdXRoX3VzZXJfaWQiOiIxIiwiX2F1dGhfdXNlcl9iYWNrZW5kIjoiZGphbmdvLmNvbnRyaWIuYXV0aC5iYWNrZW5kcy5Nb2RlbEJhY2tlbmQiLCJfYXV0aF91c2VyX2hhc2giOiIzYzc0ZjdhMmRlYzc1OWM3NWQ4ZTJkMjYyNGYxZDU5YjVkN2M3NTVhIn0=',	'2019-10-08 11:05:48.774416'),
('ih74vhfn2md2dk8l0p0c6c21j3wl4sgm',	'N2ZhZjBmOGIyODA3NWQ2OWQ0ZTBkNGQyZTk2NGE4ODdiNzc0MGFmYjp7Il9hdXRoX3VzZXJfaWQiOiIxIiwiX2F1dGhfdXNlcl9iYWNrZW5kIjoiZGphbmdvLmNvbnRyaWIuYXV0aC5iYWNrZW5kcy5Nb2RlbEJhY2tlbmQiLCJfYXV0aF91c2VyX2hhc2giOiI5NGI5ZThiNzNiZGM2N2UzMzAyYWE5YzUxMGI4MzU3OWM4YWM4ZDkwIn0=',	'2019-07-06 08:07:39.775655'),
('io9wd5e232pk2juf88ode3pqc9kheyan',	'MjZiNzY0YWMzZDlkOTkxNTA0OTlmZTFlNDk4ZTI2ZWJkNGNmMDM3MTp7Il9hdXRoX3VzZXJfaWQiOiIxIiwiX2F1dGhfdXNlcl9iYWNrZW5kIjoiZGphbmdvLmNvbnRyaWIuYXV0aC5iYWNrZW5kcy5Nb2RlbEJhY2tlbmQiLCJfYXV0aF91c2VyX2hhc2giOiJlOThjN2E1ZjE1YmNmMzJhMDUwODJhNTBkYWFkMjQ1ZjA1ZDk2MTAyIn0=',	'2019-06-30 21:54:34.025262'),
('iwnifc1snexar5d7dvb7fsbaeqk7a3cu',	'NTIwMDk5MGY2ODZiYTU1NTI5OGM5NjU2NDEwZGRmOTRkYTZkNGNjYTp7Il9hdXRoX3VzZXJfaWQiOiIxIiwiX2F1dGhfdXNlcl9iYWNrZW5kIjoiZGphbmdvLmNvbnRyaWIuYXV0aC5iYWNrZW5kcy5Nb2RlbEJhY2tlbmQiLCJfYXV0aF91c2VyX2hhc2giOiIzYzc0ZjdhMmRlYzc1OWM3NWQ4ZTJkMjYyNGYxZDU5YjVkN2M3NTVhIn0=',	'2019-10-06 23:49:10.447442'),
('iz9owmzz15pvwlwnwtk2r0yr0wvidemh',	'Zjg5MDFhNDgzMjhjM2Q3MDk0YmUzNDliYjllOWJhZTcxODJkOGI1Nzp7Il9hdXRoX3VzZXJfaWQiOiIxIiwiX2F1dGhfdXNlcl9iYWNrZW5kIjoiZGphbmdvLmNvbnRyaWIuYXV0aC5iYWNrZW5kcy5Nb2RlbEJhY2tlbmQiLCJfYXV0aF91c2VyX2hhc2giOiI2MDEwMzk0NmM0Nzg0NjcyMjYzOTY1ZWZmYjBlMGZjZTY5ZGMwZjg5In0=',	'2019-07-07 18:05:39.535798'),
('j1gvgjmvdmqlh3fvwn26yp2psq7zgmhm',	'N2ZhZjBmOGIyODA3NWQ2OWQ0ZTBkNGQyZTk2NGE4ODdiNzc0MGFmYjp7Il9hdXRoX3VzZXJfaWQiOiIxIiwiX2F1dGhfdXNlcl9iYWNrZW5kIjoiZGphbmdvLmNvbnRyaWIuYXV0aC5iYWNrZW5kcy5Nb2RlbEJhY2tlbmQiLCJfYXV0aF91c2VyX2hhc2giOiI5NGI5ZThiNzNiZGM2N2UzMzAyYWE5YzUxMGI4MzU3OWM4YWM4ZDkwIn0=',	'2019-07-07 08:43:31.251528'),
('j49hk4bb1jk0jap60ria0jvu069sadxw',	'Zjg5MDFhNDgzMjhjM2Q3MDk0YmUzNDliYjllOWJhZTcxODJkOGI1Nzp7Il9hdXRoX3VzZXJfaWQiOiIxIiwiX2F1dGhfdXNlcl9iYWNrZW5kIjoiZGphbmdvLmNvbnRyaWIuYXV0aC5iYWNrZW5kcy5Nb2RlbEJhY2tlbmQiLCJfYXV0aF91c2VyX2hhc2giOiI2MDEwMzk0NmM0Nzg0NjcyMjYzOTY1ZWZmYjBlMGZjZTY5ZGMwZjg5In0=',	'2019-07-07 17:55:56.646836'),
('jl7z7e0hu9su6fm55ac81nwu61vc868v',	'Zjg5MDFhNDgzMjhjM2Q3MDk0YmUzNDliYjllOWJhZTcxODJkOGI1Nzp7Il9hdXRoX3VzZXJfaWQiOiIxIiwiX2F1dGhfdXNlcl9iYWNrZW5kIjoiZGphbmdvLmNvbnRyaWIuYXV0aC5iYWNrZW5kcy5Nb2RlbEJhY2tlbmQiLCJfYXV0aF91c2VyX2hhc2giOiI2MDEwMzk0NmM0Nzg0NjcyMjYzOTY1ZWZmYjBlMGZjZTY5ZGMwZjg5In0=',	'2019-07-07 18:17:13.962844'),
('jnr6v2qugtcr6fie9ksmiwqp6lhf5bng',	'Zjg5MDFhNDgzMjhjM2Q3MDk0YmUzNDliYjllOWJhZTcxODJkOGI1Nzp7Il9hdXRoX3VzZXJfaWQiOiIxIiwiX2F1dGhfdXNlcl9iYWNrZW5kIjoiZGphbmdvLmNvbnRyaWIuYXV0aC5iYWNrZW5kcy5Nb2RlbEJhY2tlbmQiLCJfYXV0aF91c2VyX2hhc2giOiI2MDEwMzk0NmM0Nzg0NjcyMjYzOTY1ZWZmYjBlMGZjZTY5ZGMwZjg5In0=',	'2019-07-07 17:12:33.144523'),
('lijk4uavit831ceh9rxe0nezvttwu3jv',	'N2ZhZjBmOGIyODA3NWQ2OWQ0ZTBkNGQyZTk2NGE4ODdiNzc0MGFmYjp7Il9hdXRoX3VzZXJfaWQiOiIxIiwiX2F1dGhfdXNlcl9iYWNrZW5kIjoiZGphbmdvLmNvbnRyaWIuYXV0aC5iYWNrZW5kcy5Nb2RlbEJhY2tlbmQiLCJfYXV0aF91c2VyX2hhc2giOiI5NGI5ZThiNzNiZGM2N2UzMzAyYWE5YzUxMGI4MzU3OWM4YWM4ZDkwIn0=',	'2019-07-05 23:33:24.887429'),
('mtngz39qkee20nu9i33a8p8x1fgakxqc',	'Zjg5MDFhNDgzMjhjM2Q3MDk0YmUzNDliYjllOWJhZTcxODJkOGI1Nzp7Il9hdXRoX3VzZXJfaWQiOiIxIiwiX2F1dGhfdXNlcl9iYWNrZW5kIjoiZGphbmdvLmNvbnRyaWIuYXV0aC5iYWNrZW5kcy5Nb2RlbEJhY2tlbmQiLCJfYXV0aF91c2VyX2hhc2giOiI2MDEwMzk0NmM0Nzg0NjcyMjYzOTY1ZWZmYjBlMGZjZTY5ZGMwZjg5In0=',	'2019-07-07 16:25:10.705205'),
('n334if8fm7llwf2ltdufbji36pfu2pro',	'Zjg5MDFhNDgzMjhjM2Q3MDk0YmUzNDliYjllOWJhZTcxODJkOGI1Nzp7Il9hdXRoX3VzZXJfaWQiOiIxIiwiX2F1dGhfdXNlcl9iYWNrZW5kIjoiZGphbmdvLmNvbnRyaWIuYXV0aC5iYWNrZW5kcy5Nb2RlbEJhY2tlbmQiLCJfYXV0aF91c2VyX2hhc2giOiI2MDEwMzk0NmM0Nzg0NjcyMjYzOTY1ZWZmYjBlMGZjZTY5ZGMwZjg5In0=',	'2019-07-07 17:23:39.520562'),
('n6w7tke18js9c0ecg6kb990eyyne0o4l',	'N2ZhZjBmOGIyODA3NWQ2OWQ0ZTBkNGQyZTk2NGE4ODdiNzc0MGFmYjp7Il9hdXRoX3VzZXJfaWQiOiIxIiwiX2F1dGhfdXNlcl9iYWNrZW5kIjoiZGphbmdvLmNvbnRyaWIuYXV0aC5iYWNrZW5kcy5Nb2RlbEJhY2tlbmQiLCJfYXV0aF91c2VyX2hhc2giOiI5NGI5ZThiNzNiZGM2N2UzMzAyYWE5YzUxMGI4MzU3OWM4YWM4ZDkwIn0=',	'2019-07-06 08:43:26.788071'),
('nky7eyawel0a7poilute3t9nunbz8b9x',	'Zjg5MDFhNDgzMjhjM2Q3MDk0YmUzNDliYjllOWJhZTcxODJkOGI1Nzp7Il9hdXRoX3VzZXJfaWQiOiIxIiwiX2F1dGhfdXNlcl9iYWNrZW5kIjoiZGphbmdvLmNvbnRyaWIuYXV0aC5iYWNrZW5kcy5Nb2RlbEJhY2tlbmQiLCJfYXV0aF91c2VyX2hhc2giOiI2MDEwMzk0NmM0Nzg0NjcyMjYzOTY1ZWZmYjBlMGZjZTY5ZGMwZjg5In0=',	'2019-10-01 20:00:26.055342'),
('o08nrjgfv4bhs1z6u4octd76130kg1nb',	'N2ZhZjBmOGIyODA3NWQ2OWQ0ZTBkNGQyZTk2NGE4ODdiNzc0MGFmYjp7Il9hdXRoX3VzZXJfaWQiOiIxIiwiX2F1dGhfdXNlcl9iYWNrZW5kIjoiZGphbmdvLmNvbnRyaWIuYXV0aC5iYWNrZW5kcy5Nb2RlbEJhY2tlbmQiLCJfYXV0aF91c2VyX2hhc2giOiI5NGI5ZThiNzNiZGM2N2UzMzAyYWE5YzUxMGI4MzU3OWM4YWM4ZDkwIn0=',	'2019-07-07 08:40:54.783666'),
('o7htdrdmkehszguhafudahx7cy76ja7b',	'Zjg5MDFhNDgzMjhjM2Q3MDk0YmUzNDliYjllOWJhZTcxODJkOGI1Nzp7Il9hdXRoX3VzZXJfaWQiOiIxIiwiX2F1dGhfdXNlcl9iYWNrZW5kIjoiZGphbmdvLmNvbnRyaWIuYXV0aC5iYWNrZW5kcy5Nb2RlbEJhY2tlbmQiLCJfYXV0aF91c2VyX2hhc2giOiI2MDEwMzk0NmM0Nzg0NjcyMjYzOTY1ZWZmYjBlMGZjZTY5ZGMwZjg5In0=',	'2019-07-07 16:22:46.595357'),
('ou0b1q5g80300e522nwdysxiscvn6y48',	'Zjg5MDFhNDgzMjhjM2Q3MDk0YmUzNDliYjllOWJhZTcxODJkOGI1Nzp7Il9hdXRoX3VzZXJfaWQiOiIxIiwiX2F1dGhfdXNlcl9iYWNrZW5kIjoiZGphbmdvLmNvbnRyaWIuYXV0aC5iYWNrZW5kcy5Nb2RlbEJhY2tlbmQiLCJfYXV0aF91c2VyX2hhc2giOiI2MDEwMzk0NmM0Nzg0NjcyMjYzOTY1ZWZmYjBlMGZjZTY5ZGMwZjg5In0=',	'2019-10-01 10:27:56.330916'),
('p5tqo280rf5z0g5a916yz4uaczv73nan',	'NTIwMDk5MGY2ODZiYTU1NTI5OGM5NjU2NDEwZGRmOTRkYTZkNGNjYTp7Il9hdXRoX3VzZXJfaWQiOiIxIiwiX2F1dGhfdXNlcl9iYWNrZW5kIjoiZGphbmdvLmNvbnRyaWIuYXV0aC5iYWNrZW5kcy5Nb2RlbEJhY2tlbmQiLCJfYXV0aF91c2VyX2hhc2giOiIzYzc0ZjdhMmRlYzc1OWM3NWQ4ZTJkMjYyNGYxZDU5YjVkN2M3NTVhIn0=',	'2019-10-07 00:20:18.026749'),
('p8hnimiyp1pcmacjvn9j6mkmj7gjlznw',	'Zjg5MDFhNDgzMjhjM2Q3MDk0YmUzNDliYjllOWJhZTcxODJkOGI1Nzp7Il9hdXRoX3VzZXJfaWQiOiIxIiwiX2F1dGhfdXNlcl9iYWNrZW5kIjoiZGphbmdvLmNvbnRyaWIuYXV0aC5iYWNrZW5kcy5Nb2RlbEJhY2tlbmQiLCJfYXV0aF91c2VyX2hhc2giOiI2MDEwMzk0NmM0Nzg0NjcyMjYzOTY1ZWZmYjBlMGZjZTY5ZGMwZjg5In0=',	'2019-10-02 07:06:20.999191'),
('pble1zrwmky37ml7pyhyr2sm77as02o6',	'Zjg5MDFhNDgzMjhjM2Q3MDk0YmUzNDliYjllOWJhZTcxODJkOGI1Nzp7Il9hdXRoX3VzZXJfaWQiOiIxIiwiX2F1dGhfdXNlcl9iYWNrZW5kIjoiZGphbmdvLmNvbnRyaWIuYXV0aC5iYWNrZW5kcy5Nb2RlbEJhY2tlbmQiLCJfYXV0aF91c2VyX2hhc2giOiI2MDEwMzk0NmM0Nzg0NjcyMjYzOTY1ZWZmYjBlMGZjZTY5ZGMwZjg5In0=',	'2019-07-07 16:18:59.923627'),
('pwwrkhy4vas3im4x32uysl782zy0youy',	'Zjg5MDFhNDgzMjhjM2Q3MDk0YmUzNDliYjllOWJhZTcxODJkOGI1Nzp7Il9hdXRoX3VzZXJfaWQiOiIxIiwiX2F1dGhfdXNlcl9iYWNrZW5kIjoiZGphbmdvLmNvbnRyaWIuYXV0aC5iYWNrZW5kcy5Nb2RlbEJhY2tlbmQiLCJfYXV0aF91c2VyX2hhc2giOiI2MDEwMzk0NmM0Nzg0NjcyMjYzOTY1ZWZmYjBlMGZjZTY5ZGMwZjg5In0=',	'2019-07-07 16:52:38.748936'),
('q6i1zvdwcbn0uyf4fur9y0fcx1ww77aa',	'Zjg5MDFhNDgzMjhjM2Q3MDk0YmUzNDliYjllOWJhZTcxODJkOGI1Nzp7Il9hdXRoX3VzZXJfaWQiOiIxIiwiX2F1dGhfdXNlcl9iYWNrZW5kIjoiZGphbmdvLmNvbnRyaWIuYXV0aC5iYWNrZW5kcy5Nb2RlbEJhY2tlbmQiLCJfYXV0aF91c2VyX2hhc2giOiI2MDEwMzk0NmM0Nzg0NjcyMjYzOTY1ZWZmYjBlMGZjZTY5ZGMwZjg5In0=',	'2019-10-02 08:10:59.358846'),
('r6712r2jl13q357552qim5b4l5oi0e7h',	'Zjg5MDFhNDgzMjhjM2Q3MDk0YmUzNDliYjllOWJhZTcxODJkOGI1Nzp7Il9hdXRoX3VzZXJfaWQiOiIxIiwiX2F1dGhfdXNlcl9iYWNrZW5kIjoiZGphbmdvLmNvbnRyaWIuYXV0aC5iYWNrZW5kcy5Nb2RlbEJhY2tlbmQiLCJfYXV0aF91c2VyX2hhc2giOiI2MDEwMzk0NmM0Nzg0NjcyMjYzOTY1ZWZmYjBlMGZjZTY5ZGMwZjg5In0=',	'2019-10-02 07:03:23.856832'),
('rk1zya05or7ee2tb5kygnuoyz08716mi',	'N2ZhZjBmOGIyODA3NWQ2OWQ0ZTBkNGQyZTk2NGE4ODdiNzc0MGFmYjp7Il9hdXRoX3VzZXJfaWQiOiIxIiwiX2F1dGhfdXNlcl9iYWNrZW5kIjoiZGphbmdvLmNvbnRyaWIuYXV0aC5iYWNrZW5kcy5Nb2RlbEJhY2tlbmQiLCJfYXV0aF91c2VyX2hhc2giOiI5NGI5ZThiNzNiZGM2N2UzMzAyYWE5YzUxMGI4MzU3OWM4YWM4ZDkwIn0=',	'2019-07-06 08:04:57.393311'),
('slft8eo0g3tp6azccvrtimxg7muorgmi',	'Zjg5MDFhNDgzMjhjM2Q3MDk0YmUzNDliYjllOWJhZTcxODJkOGI1Nzp7Il9hdXRoX3VzZXJfaWQiOiIxIiwiX2F1dGhfdXNlcl9iYWNrZW5kIjoiZGphbmdvLmNvbnRyaWIuYXV0aC5iYWNrZW5kcy5Nb2RlbEJhY2tlbmQiLCJfYXV0aF91c2VyX2hhc2giOiI2MDEwMzk0NmM0Nzg0NjcyMjYzOTY1ZWZmYjBlMGZjZTY5ZGMwZjg5In0=',	'2019-07-07 12:07:42.217216'),
('t843wxod0fkfxoru27ayml7x2ot5b6bv',	'N2ZhZjBmOGIyODA3NWQ2OWQ0ZTBkNGQyZTk2NGE4ODdiNzc0MGFmYjp7Il9hdXRoX3VzZXJfaWQiOiIxIiwiX2F1dGhfdXNlcl9iYWNrZW5kIjoiZGphbmdvLmNvbnRyaWIuYXV0aC5iYWNrZW5kcy5Nb2RlbEJhY2tlbmQiLCJfYXV0aF91c2VyX2hhc2giOiI5NGI5ZThiNzNiZGM2N2UzMzAyYWE5YzUxMGI4MzU3OWM4YWM4ZDkwIn0=',	'2019-07-07 08:40:21.132810'),
('tbwrz4nj3i0tpvgg68dijofkjzsu1q2f',	'Zjg5MDFhNDgzMjhjM2Q3MDk0YmUzNDliYjllOWJhZTcxODJkOGI1Nzp7Il9hdXRoX3VzZXJfaWQiOiIxIiwiX2F1dGhfdXNlcl9iYWNrZW5kIjoiZGphbmdvLmNvbnRyaWIuYXV0aC5iYWNrZW5kcy5Nb2RlbEJhY2tlbmQiLCJfYXV0aF91c2VyX2hhc2giOiI2MDEwMzk0NmM0Nzg0NjcyMjYzOTY1ZWZmYjBlMGZjZTY5ZGMwZjg5In0=',	'2019-07-07 17:03:01.964881'),
('ttizlponv4h6kxnu8otib8bu33umgg72',	'Zjg5MDFhNDgzMjhjM2Q3MDk0YmUzNDliYjllOWJhZTcxODJkOGI1Nzp7Il9hdXRoX3VzZXJfaWQiOiIxIiwiX2F1dGhfdXNlcl9iYWNrZW5kIjoiZGphbmdvLmNvbnRyaWIuYXV0aC5iYWNrZW5kcy5Nb2RlbEJhY2tlbmQiLCJfYXV0aF91c2VyX2hhc2giOiI2MDEwMzk0NmM0Nzg0NjcyMjYzOTY1ZWZmYjBlMGZjZTY5ZGMwZjg5In0=',	'2019-07-07 08:50:35.097182'),
('tx2z8k4gjy7oaam72f8wk1spg3folexf',	'Zjg5MDFhNDgzMjhjM2Q3MDk0YmUzNDliYjllOWJhZTcxODJkOGI1Nzp7Il9hdXRoX3VzZXJfaWQiOiIxIiwiX2F1dGhfdXNlcl9iYWNrZW5kIjoiZGphbmdvLmNvbnRyaWIuYXV0aC5iYWNrZW5kcy5Nb2RlbEJhY2tlbmQiLCJfYXV0aF91c2VyX2hhc2giOiI2MDEwMzk0NmM0Nzg0NjcyMjYzOTY1ZWZmYjBlMGZjZTY5ZGMwZjg5In0=',	'2019-07-07 16:24:22.748680'),
('ua8p82f2st2vmtlbm9v1iogw6wg97pvt',	'Zjg5MDFhNDgzMjhjM2Q3MDk0YmUzNDliYjllOWJhZTcxODJkOGI1Nzp7Il9hdXRoX3VzZXJfaWQiOiIxIiwiX2F1dGhfdXNlcl9iYWNrZW5kIjoiZGphbmdvLmNvbnRyaWIuYXV0aC5iYWNrZW5kcy5Nb2RlbEJhY2tlbmQiLCJfYXV0aF91c2VyX2hhc2giOiI2MDEwMzk0NmM0Nzg0NjcyMjYzOTY1ZWZmYjBlMGZjZTY5ZGMwZjg5In0=',	'2019-07-07 16:23:53.643174'),
('uqfh7inusx0jq5fm0ttue82it5unjubv',	'Zjg5MDFhNDgzMjhjM2Q3MDk0YmUzNDliYjllOWJhZTcxODJkOGI1Nzp7Il9hdXRoX3VzZXJfaWQiOiIxIiwiX2F1dGhfdXNlcl9iYWNrZW5kIjoiZGphbmdvLmNvbnRyaWIuYXV0aC5iYWNrZW5kcy5Nb2RlbEJhY2tlbmQiLCJfYXV0aF91c2VyX2hhc2giOiI2MDEwMzk0NmM0Nzg0NjcyMjYzOTY1ZWZmYjBlMGZjZTY5ZGMwZjg5In0=',	'2019-07-07 16:17:13.166462'),
('uy19s1hhunckzni1scf3httyzg9eu96k',	'N2ZhZjBmOGIyODA3NWQ2OWQ0ZTBkNGQyZTk2NGE4ODdiNzc0MGFmYjp7Il9hdXRoX3VzZXJfaWQiOiIxIiwiX2F1dGhfdXNlcl9iYWNrZW5kIjoiZGphbmdvLmNvbnRyaWIuYXV0aC5iYWNrZW5kcy5Nb2RlbEJhY2tlbmQiLCJfYXV0aF91c2VyX2hhc2giOiI5NGI5ZThiNzNiZGM2N2UzMzAyYWE5YzUxMGI4MzU3OWM4YWM4ZDkwIn0=',	'2019-07-07 08:42:58.567048'),
('v8356ckixpa6ymhilrdli7hsib7zlypo',	'Zjg5MDFhNDgzMjhjM2Q3MDk0YmUzNDliYjllOWJhZTcxODJkOGI1Nzp7Il9hdXRoX3VzZXJfaWQiOiIxIiwiX2F1dGhfdXNlcl9iYWNrZW5kIjoiZGphbmdvLmNvbnRyaWIuYXV0aC5iYWNrZW5kcy5Nb2RlbEJhY2tlbmQiLCJfYXV0aF91c2VyX2hhc2giOiI2MDEwMzk0NmM0Nzg0NjcyMjYzOTY1ZWZmYjBlMGZjZTY5ZGMwZjg5In0=',	'2019-07-07 16:50:12.332724'),
('vbt51fujfi1qod08p6cskxbne8r0w89d',	'Zjg5MDFhNDgzMjhjM2Q3MDk0YmUzNDliYjllOWJhZTcxODJkOGI1Nzp7Il9hdXRoX3VzZXJfaWQiOiIxIiwiX2F1dGhfdXNlcl9iYWNrZW5kIjoiZGphbmdvLmNvbnRyaWIuYXV0aC5iYWNrZW5kcy5Nb2RlbEJhY2tlbmQiLCJfYXV0aF91c2VyX2hhc2giOiI2MDEwMzk0NmM0Nzg0NjcyMjYzOTY1ZWZmYjBlMGZjZTY5ZGMwZjg5In0=',	'2019-07-07 16:57:38.359406'),
('wc7byg6284l3i5edgxmemzjkdkftd4ol',	'Zjg5MDFhNDgzMjhjM2Q3MDk0YmUzNDliYjllOWJhZTcxODJkOGI1Nzp7Il9hdXRoX3VzZXJfaWQiOiIxIiwiX2F1dGhfdXNlcl9iYWNrZW5kIjoiZGphbmdvLmNvbnRyaWIuYXV0aC5iYWNrZW5kcy5Nb2RlbEJhY2tlbmQiLCJfYXV0aF91c2VyX2hhc2giOiI2MDEwMzk0NmM0Nzg0NjcyMjYzOTY1ZWZmYjBlMGZjZTY5ZGMwZjg5In0=',	'2019-07-07 16:49:53.836107'),
('x5265sil20208486m0u6hzur7476ge54',	'Zjg5MDFhNDgzMjhjM2Q3MDk0YmUzNDliYjllOWJhZTcxODJkOGI1Nzp7Il9hdXRoX3VzZXJfaWQiOiIxIiwiX2F1dGhfdXNlcl9iYWNrZW5kIjoiZGphbmdvLmNvbnRyaWIuYXV0aC5iYWNrZW5kcy5Nb2RlbEJhY2tlbmQiLCJfYXV0aF91c2VyX2hhc2giOiI2MDEwMzk0NmM0Nzg0NjcyMjYzOTY1ZWZmYjBlMGZjZTY5ZGMwZjg5In0=',	'2019-07-07 17:51:10.513294'),
('xfhj5hmuuz13oz5lm695cbdzel8xvu45',	'Zjg5MDFhNDgzMjhjM2Q3MDk0YmUzNDliYjllOWJhZTcxODJkOGI1Nzp7Il9hdXRoX3VzZXJfaWQiOiIxIiwiX2F1dGhfdXNlcl9iYWNrZW5kIjoiZGphbmdvLmNvbnRyaWIuYXV0aC5iYWNrZW5kcy5Nb2RlbEJhY2tlbmQiLCJfYXV0aF91c2VyX2hhc2giOiI2MDEwMzk0NmM0Nzg0NjcyMjYzOTY1ZWZmYjBlMGZjZTY5ZGMwZjg5In0=',	'2019-07-09 17:37:21.724799'),
('xpumcrvrhl2e05xzdbuttg5vbdvcje7e',	'ZWE0ZGVkZmNlODg4OTY4NzA1NWZhNzg2N2M3YjAzNWVhMjcwZjE0MDp7Il9hdXRoX3VzZXJfaWQiOiI4IiwiX2F1dGhfdXNlcl9iYWNrZW5kIjoiZGphbmdvLmNvbnRyaWIuYXV0aC5iYWNrZW5kcy5Nb2RlbEJhY2tlbmQiLCJfYXV0aF91c2VyX2hhc2giOiI1YTMwNWFlZGJmNzM1YWYwMTIwNTBkN2NjMDRhOWY4MGJmZTk1NjM0In0=',	'2019-10-02 08:43:32.163334'),
('y2whfdvfcesm9jjt8pt2u14ab2k97svv',	'NWZhYmQ5NWNhMGVkOGRiZmE0ODhkNWVlODFiZTk5M2FlNDA5YjkxYzp7Il9hdXRoX3VzZXJfaWQiOiI3IiwiX2F1dGhfdXNlcl9iYWNrZW5kIjoiZGphbmdvLmNvbnRyaWIuYXV0aC5iYWNrZW5kcy5Nb2RlbEJhY2tlbmQiLCJfYXV0aF91c2VyX2hhc2giOiI1ZjU5ODMyNzUwMTg4MGJjOTg5ZGNkYjU5YWFmMDBjZjNmMDhmYWRiIn0=',	'2019-10-02 07:05:56.112363'),
('ym6pb81k5kx571q6c31k2ywj754reh6h',	'N2ZhZjBmOGIyODA3NWQ2OWQ0ZTBkNGQyZTk2NGE4ODdiNzc0MGFmYjp7Il9hdXRoX3VzZXJfaWQiOiIxIiwiX2F1dGhfdXNlcl9iYWNrZW5kIjoiZGphbmdvLmNvbnRyaWIuYXV0aC5iYWNrZW5kcy5Nb2RlbEJhY2tlbmQiLCJfYXV0aF91c2VyX2hhc2giOiI5NGI5ZThiNzNiZGM2N2UzMzAyYWE5YzUxMGI4MzU3OWM4YWM4ZDkwIn0=',	'2019-07-06 08:47:53.390521'),
('zgrauqzckuy7oyhnblu4y9ko4pyqlhxr',	'Zjg5MDFhNDgzMjhjM2Q3MDk0YmUzNDliYjllOWJhZTcxODJkOGI1Nzp7Il9hdXRoX3VzZXJfaWQiOiIxIiwiX2F1dGhfdXNlcl9iYWNrZW5kIjoiZGphbmdvLmNvbnRyaWIuYXV0aC5iYWNrZW5kcy5Nb2RlbEJhY2tlbmQiLCJfYXV0aF91c2VyX2hhc2giOiI2MDEwMzk0NmM0Nzg0NjcyMjYzOTY1ZWZmYjBlMGZjZTY5ZGMwZjg5In0=',	'2019-07-07 16:13:19.688357');

CREATE TABLE `recommender_antecedent` (
  `id` int(11) NOT NULL AUTO_INCREMENT,
  `value` decimal(10,2) DEFAULT NULL,
  `implication_id` int(11) DEFAULT NULL,
  `item_attribute_id` int(11) DEFAULT NULL,
  PRIMARY KEY (`id`),
  KEY `recommender_antecede_implication_id_d95c1b66_fk_recommend` (`implication_id`),
  KEY `recommender_antecede_item_attribute_id_d17009c7_fk_recommend` (`item_attribute_id`),
  CONSTRAINT `recommender_antecede_implication_id_d95c1b66_fk_recommend` FOREIGN KEY (`implication_id`) REFERENCES `recommender_implication` (`id`),
  CONSTRAINT `recommender_antecede_item_attribute_id_d17009c7_fk_recommend` FOREIGN KEY (`item_attribute_id`) REFERENCES `recommender_itemattribute` (`id`)
) ENGINE=InnoDB DEFAULT CHARSET=latin1;

INSERT INTO `recommender_antecedent` (`id`, `value`, `implication_id`, `item_attribute_id`) VALUES
(2,	0.40,	1,	1),
(3,	0.80,	2,	2),
(5,	0.30,	4,	2);

CREATE TABLE `recommender_attributecategory` (
  `id` int(11) NOT NULL AUTO_INCREMENT,
  `name` varchar(140) NOT NULL,
  PRIMARY KEY (`id`)
) ENGINE=InnoDB DEFAULT CHARSET=latin1;

INSERT INTO `recommender_attributecategory` (`id`, `name`) VALUES
(1,	'Económico'),
(2,	'Finalidad'),
(3,	'Practicidad');

CREATE TABLE `recommender_city` (
  `id` int(11) NOT NULL AUTO_INCREMENT,
  `name` varchar(140) NOT NULL,
  `country` longtext NOT NULL,
  PRIMARY KEY (`id`)
) ENGINE=InnoDB DEFAULT CHARSET=latin1;

INSERT INTO `recommender_city` (`id`, `name`, `country`) VALUES
(1,	'Barcelona',	'España'),
(2,	'Madrid',	'España'),
(3,	'Málaga',	'España'),
(4,	'Londres',	'Reino Unido'),
(5,	'Praga',	'República Checa'),
(6,	'Wroclaw',	'Polonia'),
(7,	'París',	'Francia'),
(8,	'Roma',	'Italia'),
(9,	'Amsterdam',	'Holanda'),
(10,	'Berlín',	'Alemania'),
(11,	'Copenhague',	'Dinamarca');

CREATE TABLE `recommender_consequent` (
  `id` int(11) NOT NULL AUTO_INCREMENT,
  `value` decimal(10,2) DEFAULT NULL,
  `implication_id` int(11) DEFAULT NULL,
  `item_attribute_id` int(11) DEFAULT NULL,
  PRIMARY KEY (`id`),
  KEY `recommender_conseque_implication_id_857d4f9e_fk_recommend` (`implication_id`),
  KEY `recommender_conseque_item_attribute_id_488eca83_fk_recommend` (`item_attribute_id`),
  CONSTRAINT `recommender_conseque_implication_id_857d4f9e_fk_recommend` FOREIGN KEY (`implication_id`) REFERENCES `recommender_implication` (`id`),
  CONSTRAINT `recommender_conseque_item_attribute_id_488eca83_fk_recommend` FOREIGN KEY (`item_attribute_id`) REFERENCES `recommender_itemattribute` (`id`)
) ENGINE=InnoDB DEFAULT CHARSET=latin1;

INSERT INTO `recommender_consequent` (`id`, `value`, `implication_id`, `item_attribute_id`) VALUES
(1,	0.60,	1,	2),
(2,	0.40,	2,	3),
(3,	0.20,	3,	4),
(5,	0.80,	4,	5);

CREATE TABLE `recommender_contextsegment` (
  `id` int(11) NOT NULL AUTO_INCREMENT,
  `dimension` varchar(140) NOT NULL,
  `domain` varchar(140) NOT NULL,
  PRIMARY KEY (`id`)
) ENGINE=InnoDB DEFAULT CHARSET=latin1;

INSERT INTO `recommender_contextsegment` (`id`, `dimension`, `domain`) VALUES
(1,	'Finalidad',	'Relax'),
(2,	'Interés',	'Naturaleza'),
(3,	'Interés',	'Cultural'),
(4,	'Tipo grupal',	'Familiar'),
(5,	'Tipo grupal',	'Laboral'),
(6,	'Finalidad',	'Festivo');

CREATE TABLE `recommender_customuser` (
  `id` int(11) NOT NULL AUTO_INCREMENT,
  `password` varchar(128) NOT NULL,
  `last_login` datetime(6) DEFAULT NULL,
  `is_superuser` tinyint(1) NOT NULL,
  `first_name` varchar(140) DEFAULT NULL,
  `last_name` varchar(140) DEFAULT NULL,
  `email` varchar(254) NOT NULL,
  `birth_date` date DEFAULT NULL,
  `is_active` tinyint(1) NOT NULL,
  `is_staff` tinyint(1) NOT NULL,
  PRIMARY KEY (`id`),
  UNIQUE KEY `email` (`email`)
) ENGINE=InnoDB DEFAULT CHARSET=latin1;

INSERT INTO `recommender_customuser` (`id`, `password`, `last_login`, `is_superuser`, `first_name`, `last_name`, `email`, `birth_date`, `is_active`, `is_staff`) VALUES
(1,	'pbkdf2_sha256$150000$6a7dxYJV0JMA$PFXpzNFiVdrQgu2Kqjyjvie282+3y4nynvsHGSHSNts=',	'2019-09-24 13:26:46.756642',	1,	'Ángel',	'Jiménez',	'angeljimenez@uma.es',	NULL,	1,	1),
(2,	'pbkdf2_sha256$150000$TO2S46CZVYlY$n37mzJQp9qViFCGTWJYLhQnfqkrpWi0pYDzuFHJALtA=',	NULL,	1,	'Carlos',	'Fernández',	'carlos@fernandeztest.com',	'1994-11-14',	1,	1),
(3,	'pbkdf2_sha256$150000$HAZ6ypCOe0kA$EycaHLch+5EWo7Sl1CAfhVzRRn+VUrPm84vL0GjLpyw=',	NULL,	0,	'Alfred',	'N\'Diaye',	'alfred@senegalese.com',	'1992-02-22',	1,	0),
(4,	'pbkdf2_sha256$150000$S26BA7NApGLg$HrtjOwj47uSTSb5odFEj7w00dKH9ZyfIkOonk/2C8Vk=',	NULL,	0,	'Tomeu',	'Nadal',	'tomeu@albacetenyo.com',	'1988-07-13',	1,	0),
(5,	'pbkdf2_sha256$150000$wY38JXx0HV5g$j972zhdy133MsLhr3ltJzTulLtbNWkPPmzDDOCpmgpw=',	NULL,	0,	'Ada',	'Colau',	'adacolacau@generalitat.cat',	'1978-09-23',	1,	0),
(6,	'pbkdf2_sha256$150000$M46HKj3qK640$QIT8X8qsObHES9nhfYaP/Usj/6iMbS0ep2XSLD2z0dA=',	NULL,	1,	'Ángel',	'De la Torre',	'angeljimenezgong@gmail.com',	'2019-06-25',	1,	1),
(7,	'pbkdf2_sha256$150000$bsYsv16b2t3Z$l8y8TSFQUNdBj4H8DrMvsHvSzNW07fZiYwhud4SEhPM=',	'2019-09-18 07:05:56.103553',	0,	'José',	'Pérez',	'joseperez@uma.es',	NULL,	1,	0),
(8,	'pbkdf2_sha256$150000$hhXRKJc9SuO4$MfiNl/DXFizNkVuqfj5WPoBS1YHbZHwhkRcGRqUdJOk=',	'2019-09-18 08:43:32.154408',	0,	'Ejemplo',	'Uma',	'ejemplo@uma.es',	NULL,	1,	0);

CREATE TABLE `recommender_customuser_groups` (
  `id` int(11) NOT NULL AUTO_INCREMENT,
  `customuser_id` int(11) NOT NULL,
  `group_id` int(11) NOT NULL,
  PRIMARY KEY (`id`),
  UNIQUE KEY `recommender_customuser_g_customuser_id_group_id_759c0983_uniq` (`customuser_id`,`group_id`),
  KEY `recommender_customuser_groups_group_id_b4f055de_fk_auth_group_id` (`group_id`),
  CONSTRAINT `recommender_customus_customuser_id_774f86eb_fk_recommend` FOREIGN KEY (`customuser_id`) REFERENCES `recommender_customuser` (`id`),
  CONSTRAINT `recommender_customuser_groups_group_id_b4f055de_fk_auth_group_id` FOREIGN KEY (`group_id`) REFERENCES `auth_group` (`id`)
) ENGINE=InnoDB DEFAULT CHARSET=latin1;


CREATE TABLE `recommender_customuser_user_permissions` (
  `id` int(11) NOT NULL AUTO_INCREMENT,
  `customuser_id` int(11) NOT NULL,
  `permission_id` int(11) NOT NULL,
  PRIMARY KEY (`id`),
  UNIQUE KEY `recommender_customuser_u_customuser_id_permission_5b0839d7_uniq` (`customuser_id`,`permission_id`),
  KEY `recommender_customus_permission_id_0222be58_fk_auth_perm` (`permission_id`),
  CONSTRAINT `recommender_customus_customuser_id_91828a53_fk_recommend` FOREIGN KEY (`customuser_id`) REFERENCES `recommender_customuser` (`id`),
  CONSTRAINT `recommender_customus_permission_id_0222be58_fk_auth_perm` FOREIGN KEY (`permission_id`) REFERENCES `auth_permission` (`id`)
) ENGINE=InnoDB DEFAULT CHARSET=latin1;


CREATE TABLE `recommender_group` (
  `id` int(11) NOT NULL AUTO_INCREMENT,
  `title` varchar(140) NOT NULL,
  `description` longtext NOT NULL,
  PRIMARY KEY (`id`)
) ENGINE=InnoDB DEFAULT CHARSET=latin1;

INSERT INTO `recommender_group` (`id`, `title`, `description`) VALUES
(1,	'',	''),
(2,	'',	''),
(3,	'',	''),
(4,	'',	''),
(5,	'',	''),
(6,	'',	''),
(7,	'',	''),
(8,	'',	''),
(9,	'',	''),
(10,	'',	''),
(11,	'',	''),
(12,	'',	''),
(13,	'',	''),
(14,	'',	''),
(15,	'',	''),
(16,	'',	''),
(17,	'',	''),
(18,	'',	''),
(19,	'',	''),
(20,	'',	''),
(21,	'',	''),
(22,	'',	''),
(23,	'',	''),
(24,	'',	'');

CREATE TABLE `recommender_group_users` (
  `id` int(11) NOT NULL AUTO_INCREMENT,
  `group_id` int(11) NOT NULL,
  `customuser_id` int(11) NOT NULL,
  PRIMARY KEY (`id`),
  UNIQUE KEY `recommender_group_users_group_id_customuser_id_51d59166_uniq` (`group_id`,`customuser_id`),
  KEY `recommender_group_us_customuser_id_72796cdc_fk_recommend` (`customuser_id`),
  CONSTRAINT `recommender_group_us_customuser_id_72796cdc_fk_recommend` FOREIGN KEY (`customuser_id`) REFERENCES `recommender_customuser` (`id`),
  CONSTRAINT `recommender_group_us_group_id_1c7455b3_fk_recommend` FOREIGN KEY (`group_id`) REFERENCES `recommender_group` (`id`)
) ENGINE=InnoDB DEFAULT CHARSET=latin1;

INSERT INTO `recommender_group_users` (`id`, `group_id`, `customuser_id`) VALUES
(1,	1,	1),
(2,	1,	3),
(3,	1,	5),
(4,	2,	1),
(5,	2,	3),
(6,	2,	5),
(7,	2,	6),
(8,	3,	1),
(9,	3,	5),
(10,	3,	6),
(11,	4,	1),
(12,	4,	5),
(13,	4,	6),
(14,	5,	1),
(15,	5,	5),
(16,	5,	6),
(17,	6,	1),
(18,	6,	5),
(19,	6,	6),
(20,	7,	1),
(21,	7,	5),
(22,	7,	6),
(23,	8,	1),
(24,	8,	3),
(25,	8,	4),
(26,	8,	5),
(27,	8,	6),
(28,	9,	1),
(29,	9,	2),
(30,	9,	3),
(31,	9,	4),
(32,	10,	1),
(33,	10,	2),
(34,	10,	3),
(35,	10,	4),
(36,	10,	5),
(37,	11,	1),
(38,	11,	3),
(39,	11,	4),
(40,	11,	5),
(41,	11,	6),
(42,	12,	1),
(43,	12,	5),
(44,	12,	6),
(45,	13,	1),
(46,	13,	3),
(47,	13,	4),
(48,	13,	6),
(49,	14,	1),
(50,	14,	3),
(51,	14,	4),
(52,	14,	5),
(53,	15,	1),
(54,	15,	3),
(55,	15,	4),
(56,	15,	6),
(57,	16,	1),
(58,	16,	4),
(59,	16,	5),
(60,	16,	6),
(61,	17,	1),
(62,	17,	3),
(63,	17,	4),
(64,	17,	5),
(65,	18,	1),
(66,	18,	3),
(67,	18,	4),
(68,	18,	5),
(69,	18,	6),
(70,	19,	1),
(71,	19,	3),
(72,	19,	4),
(73,	19,	5),
(74,	20,	1),
(75,	20,	2),
(76,	20,	3),
(77,	20,	4),
(78,	21,	1),
(79,	21,	4),
(80,	21,	5),
(81,	22,	1),
(82,	22,	4),
(83,	22,	5),
(84,	23,	1),
(85,	23,	2),
(86,	23,	4),
(88,	24,	1),
(89,	24,	4),
(87,	24,	8);

CREATE TABLE `recommender_implication` (
  `id` int(11) NOT NULL AUTO_INCREMENT,
  `context_segment_id` int(11) NOT NULL,
  PRIMARY KEY (`id`),
  KEY `recommender_implicat_context_segment_id_d938b631_fk_recommend` (`context_segment_id`),
  CONSTRAINT `recommender_implicat_context_segment_id_d938b631_fk_recommend` FOREIGN KEY (`context_segment_id`) REFERENCES `recommender_contextsegment` (`id`)
) ENGINE=InnoDB DEFAULT CHARSET=latin1;

INSERT INTO `recommender_implication` (`id`, `context_segment_id`) VALUES
(3,	2),
(2,	3),
(1,	4),
(4,	6);

CREATE TABLE `recommender_item` (
  `id` int(11) NOT NULL AUTO_INCREMENT,
  `name` varchar(140) NOT NULL,
  `description` longtext NOT NULL,
  `city_id` int(11) DEFAULT NULL,
  `gps_point` longtext NOT NULL,
  `image` varchar(100) DEFAULT NULL,
  `weblink` varchar(140) NOT NULL,
  `price` decimal(10,2) DEFAULT NULL,
  PRIMARY KEY (`id`),
  KEY `recommender_item_city_id_d23df920_fk_recommender_city_id` (`city_id`),
  CONSTRAINT `recommender_item_city_id_d23df920_fk_recommender_city_id` FOREIGN KEY (`city_id`) REFERENCES `recommender_city` (`id`)
) ENGINE=InnoDB DEFAULT CHARSET=latin1;

INSERT INTO `recommender_item` (`id`, `name`, `description`, `city_id`, `gps_point`, `image`, `weblink`, `price`) VALUES
(1,	'Sagrada Familia',	'La Sagrada Familia tiene planta de cruz latina, de cinco naves centrales y transepto de tres naves, y ábside con siete capillas. Ostenta tres fachadas dedicadas al Nacimiento, Pasión y Gloria de Jesús y, cuando esté concluida, tendrá 18 torres: cuatro en cada portal haciendo un total de doce por los apóstoles, cuatro sobre el crucero invocando a los evangelistas, una sobre el ábside dedicada a la Virgen y la torre-cimborio central en honor a Jesús, que alcanzará los 172,5 metros de altura. El templo dispondrá de dos sacristías junto al ábside, y de tres grandes capillas: la de la Asunción en el ábside y las del Bautismo y la Penitencia junto a la fachada principal; asimismo, estará rodeado de un claustro pensado para las procesiones y para aislar el templo del exterior. Gaudí aplicó a la Sagrada Familia un alto contenido simbólico, tanto en arquitectura como en escultura, dedicando a cada parte del templo un significado religioso.',	1,	'https://www.google.com/maps/embed?pb=!1m18!1m12!1m3!1d1912.6413819037896!2d2.17556306149373!3d41.40448642077749!2m3!1f0!2f0!3f0!3m2!1i1024!2i768!4f13.1!3m3!1m2!1s0x12a4a2dcd83dfb93%3A0x9bd8aac21bc3c950!2sBas%C3%ADlica%20de%20la%20Sagrada%20Fam%C3%ADlia!5e0!3m2!1ses!2ses!4v1569199573348!5m2!1ses!2ses',	'images/Barcelona/sagrada_familia_1.jpg',	'https://sagradafamilia.org/',	25.00),
(2,	'Arc del Triomf',	'El Arco de Triunfo es un monumento situado en la confluencia entre el paseo de Lluís Companys, el paseo de San Juan y la ronda de San Pedro, en la ciudad de Barcelona. Fue diseñado por el arquitecto José Vilaseca como entrada principal a la Exposición Universal de Barcelona de 1888.',	1,	'https://www.google.com/maps/embed?pb=!1m18!1m12!1m3!1d2993.1893043753284!2d2.17871626542592!3d41.39169507926373!2m3!1f0!2f0!3f0!3m2!1i1024!2i768!4f13.1!3m3!1m2!1s0x12a4a2e3366a76a1%3A0xa9fe2baff53795b1!2sArco%20de%20Triunfo%20de%20Barcelona!5e0!3m2!1ses!2ses!4v1569287784573!5m2!1ses!2ses',	'images/Barcelona/275px-Paris_July_2011-30.jpg',	'https://www.barcelonaturisme.com/wv3/es/page/1211/arco-del-triunfo.html',	0.00),
(3,	'Zoo de Barcelona',	'El Parque Zoológico de Barcelona es un zoológico situado en el parque de la Ciudadela, en Barcelona. Se eligió su emplazamiento debido a que los edificios del parque estaban disponibles tras la Exposición Universal de Barcelona de 1888.',	1,	'https://www.google.com/maps/embed?pb=!1m18!1m12!1m3!1d2993.450986641081!2d2.188322656568296!3d41.38601135050559!2m3!1f0!2f0!3f0!3m2!1i1024!2i768!4f13.1!3m3!1m2!1s0x0%3A0x7c67c58532139b19!2sZoo%20Barcelona!5e0!3m2!1ses!2ses!4v1569287821895!5m2!1ses!2ses',	'images/Barcelona/barcelona-zoo.jpg',	'https://www.zoobarcelona.cat/es/',	35.00),
(4,	'Museo Nacional de Arte de Catalunya',	'El Museo Nacional de Arte de Cataluña, también conocido por sus siglas MNAC, está situado en la ciudad de Barcelona. Destaca por su colección de arte Románico, considerada una de las más completas del mundo. Su director es Josep Serra i Villalba.',	1,	'https://www.google.com/maps/embed?pb=!1m18!1m12!1m3!1d2888.083730609491!2d2.152680091167039!3d41.36860004742976!2m3!1f0!2f0!3f0!3m2!1i1024!2i768!4f13.1!3m3!1m2!1s0x12a4a271ca57e361%3A0x67322bc4a26500cf!2sMNAC!5e0!3m2!1ses!2ses!4v1569287854527!5m2!1ses!2ses',	'',	'https://www.museunacional.cat/es',	15.00),
(5,	'Liceo',	'El Gran Teatro del Liceo de Barcelona, conocido como El Liceo, es el teatro en activo más antiguo y prestigioso de Barcelona, especialmente como teatro de ópera, entre los que es considerado uno de los más importantes del mundo.',	1,	'https://www.google.com/maps/embed?pb=!1m18!1m12!1m3!1d2993.7186578872347!2d2.1711061154255686!3d41.380196879264794!2m3!1f0!2f0!3f0!3m2!1i102',	'images/Barcelona/77c38f1597f84296a15e0796f361bdb0.jpg',	'https://www.liceubarcelona.cat',	150.00),
(6,	'Parque Güell',	'El parque Güell es un parque público con jardines y elementos arquitectónicos situado en la parte superior de la ciudad de Barcelona. Se halla en la vertiente meridional del monte Carmelo, que pertenece a las estribaciones de la sierra de Collserola; en la cara septentrional se halla el parque del Carmelo.',	1,	'https://www.google.com/maps/embed?pb=!1m18!1m12!1m3!1d2992.139296539412!2d2.150505815426634!3d41.414494779261744!2m3!1f0!2f0!3f0!3m2!1i1024!',	'images/Barcelona/8323e86a33ac433db7de788f3e2a7792.jpg',	'https://parkguell.barcelona/',	10.00),
(7,	'Bunkers del Carmel',	'Disfruta de unas magníficas vistas de Barcelona desde los famosos bunkers.',	1,	'',	'images/Barcelona/con-los-amigos-en-bunkers-del-carmel.jpg',	'',	0.00),
(8,	'Playa de la Barceloneta',	'La mejor playa de Barcelona.',	1,	'',	'',	'',	0.00),
(9,	'Estadio olímpico de Montjuïc',	'',	1,	'',	'',	'',	10.00),
(10,	'Rambla de Catalunya',	'',	1,	'',	'',	'',	0.00),
(11,	'Els quatre gats',	'',	1,	'',	'',	'',	30.00),
(12,	'Mobile World Congress',	'',	1,	'',	'',	'',	1500.00),
(13,	'Aquàrium',	'',	1,	'',	'',	'',	18.00),
(14,	'Mercado de la Boquería',	'',	1,	'',	'',	'',	0.00),
(15,	'Hospital Sant Pau',	'',	1,	'',	'',	'',	20.00),
(16,	'Barrio de Gràcia',	'',	1,	'',	'',	'',	0.00);

CREATE TABLE `recommender_itemattribute` (
  `id` int(11) NOT NULL AUTO_INCREMENT,
  `name` varchar(140) NOT NULL,
  `category_id` int(11) DEFAULT NULL,
  PRIMARY KEY (`id`),
  KEY `recommender_itemattr_category_id_302626a2_fk_recommend` (`category_id`),
  CONSTRAINT `recommender_itemattr_category_id_302626a2_fk_recommend` FOREIGN KEY (`category_id`) REFERENCES `recommender_attributecategory` (`id`)
) ENGINE=InnoDB DEFAULT CHARSET=latin1;

INSERT INTO `recommender_itemattribute` (`id`, `name`, `category_id`) VALUES
(1,	'Precio',	1),
(2,	'Valor cultural',	2),
(3,	'Concurrencia',	3),
(4,	'Centricidad',	3),
(5,	'Ocio musical',	2),
(6,	'Actividad deportiva',	2),
(7,	'Naturaleza',	2);

CREATE TABLE `recommender_pertenancegrade` (
  `id` int(11) NOT NULL AUTO_INCREMENT,
  `value` decimal(10,2) DEFAULT NULL,
  `item_id` int(11) NOT NULL,
  `item_attribute_id` int(11) NOT NULL,
  PRIMARY KEY (`id`),
  KEY `recommender_pertenan_item_id_20f75c31_fk_recommend` (`item_id`),
  KEY `recommender_pertenan_item_attribute_id_ca53cbcc_fk_recommend` (`item_attribute_id`),
  CONSTRAINT `recommender_pertenan_item_attribute_id_ca53cbcc_fk_recommend` FOREIGN KEY (`item_attribute_id`) REFERENCES `recommender_itemattribute` (`id`),
  CONSTRAINT `recommender_pertenan_item_id_20f75c31_fk_recommend` FOREIGN KEY (`item_id`) REFERENCES `recommender_item` (`id`)
) ENGINE=InnoDB DEFAULT CHARSET=latin1;

INSERT INTO `recommender_pertenancegrade` (`id`, `value`, `item_id`, `item_attribute_id`) VALUES
(1,	0.50,	6,	1),
(2,	0.40,	1,	1),
(3,	0.10,	2,	1),
(4,	0.60,	3,	1),
(5,	0.30,	4,	1),
(6,	1.00,	5,	1),
(7,	0.70,	1,	2),
(8,	0.50,	2,	2),
(9,	0.20,	3,	2),
(10,	1.00,	4,	2),
(11,	0.80,	5,	2),
(12,	0.90,	6,	2),
(13,	0.40,	1,	3),
(14,	0.30,	2,	3),
(15,	0.50,	3,	3),
(16,	0.40,	4,	3),
(17,	0.70,	5,	3),
(18,	0.80,	6,	3),
(19,	0.50,	1,	4),
(20,	0.70,	2,	4),
(21,	0.60,	3,	4),
(22,	0.40,	4,	4),
(23,	0.90,	5,	4),
(24,	0.40,	6,	4),
(25,	0.20,	1,	5),
(26,	0.40,	2,	5),
(27,	0.50,	3,	5),
(28,	0.20,	4,	5),
(29,	0.90,	5,	5),
(30,	0.40,	6,	5),
(31,	0.20,	1,	6),
(32,	0.50,	2,	6),
(33,	0.30,	3,	6),
(34,	0.30,	4,	6),
(35,	0.10,	5,	6),
(36,	0.40,	6,	6),
(37,	0.40,	1,	7),
(38,	0.70,	2,	7),
(39,	0.70,	3,	7),
(40,	0.30,	4,	7),
(41,	0.10,	5,	7),
(42,	0.60,	6,	7),
(43,	1.00,	7,	1),
(44,	0.60,	7,	2),
(45,	0.80,	7,	3),
(46,	0.30,	7,	4),
(47,	0.20,	7,	5),
(48,	0.60,	7,	6),
(49,	0.50,	7,	7);

CREATE TABLE `recommender_preferencegrade` (
  `id` int(11) NOT NULL AUTO_INCREMENT,
  `value` decimal(10,2) DEFAULT NULL,
  `item_attribute_id` int(11) NOT NULL,
  `user_id` int(11) NOT NULL,
  PRIMARY KEY (`id`),
  KEY `recommender_preferen_item_attribute_id_49134615_fk_recommend` (`item_attribute_id`),
  KEY `recommender_preferen_user_id_6e0be29e_fk_recommend` (`user_id`),
  CONSTRAINT `recommender_preferen_item_attribute_id_49134615_fk_recommend` FOREIGN KEY (`item_attribute_id`) REFERENCES `recommender_itemattribute` (`id`),
  CONSTRAINT `recommender_preferen_user_id_6e0be29e_fk_recommend` FOREIGN KEY (`user_id`) REFERENCES `recommender_customuser` (`id`)
) ENGINE=InnoDB DEFAULT CHARSET=latin1;

INSERT INTO `recommender_preferencegrade` (`id`, `value`, `item_attribute_id`, `user_id`) VALUES
(1,	0.70,	1,	1),
(2,	0.40,	2,	1),
(3,	0.50,	5,	2),
(4,	0.80,	4,	3),
(5,	0.60,	3,	5),
(6,	0.90,	6,	4),
(7,	0.50,	7,	6),
(8,	0.70,	1,	7),
(9,	0.40,	6,	7);

CREATE TABLE `recommender_recommendation` (
  `id` int(11) NOT NULL AUTO_INCREMENT,
  `group_id` int(11) NOT NULL,
  `city_id` int(11) NOT NULL,
  `end_date` date DEFAULT NULL,
  `start_date` date DEFAULT NULL,
  `context_id` int(11) NOT NULL,
  PRIMARY KEY (`id`),
  UNIQUE KEY `context_id` (`context_id`),
  KEY `recommender_recommen_group_id_8c52ff43_fk_recommend` (`group_id`),
  KEY `recommender_recommen_city_id_ab8670b5_fk_recommend` (`city_id`),
  CONSTRAINT `recommender_recommen_city_id_ab8670b5_fk_recommend` FOREIGN KEY (`city_id`) REFERENCES `recommender_city` (`id`),
  CONSTRAINT `recommender_recommen_context_id_de5325a2_fk_recommend` FOREIGN KEY (`context_id`) REFERENCES `recommender_recommendationcontext` (`id`),
  CONSTRAINT `recommender_recommen_group_id_8c52ff43_fk_recommend` FOREIGN KEY (`group_id`) REFERENCES `recommender_group` (`id`)
) ENGINE=InnoDB DEFAULT CHARSET=latin1;

INSERT INTO `recommender_recommendation` (`id`, `group_id`, `city_id`, `end_date`, `start_date`, `context_id`) VALUES
(2,	20,	1,	'2019-09-04',	'2019-09-03',	16),
(3,	21,	1,	'2019-10-13',	'2019-10-07',	17),
(4,	22,	1,	'2019-10-13',	'2019-10-07',	18),
(6,	24,	1,	'2019-09-19',	'2019-09-18',	20);

CREATE TABLE `recommender_recommendationcontext` (
  `id` int(11) NOT NULL AUTO_INCREMENT,
  `weight` decimal(10,2) DEFAULT NULL,
  `context_segment_id` int(11) NOT NULL,
  PRIMARY KEY (`id`),
  KEY `recommender_recommendationcontext_context_segment_id_592489af` (`context_segment_id`),
  CONSTRAINT `recommender_recommen_context_segment_id_592489af_fk_recommend` FOREIGN KEY (`context_segment_id`) REFERENCES `recommender_contextsegment` (`id`)
) ENGINE=InnoDB DEFAULT CHARSET=latin1;

INSERT INTO `recommender_recommendationcontext` (`id`, `weight`, `context_segment_id`) VALUES
(1,	0.80,	4),
(2,	0.80,	4),
(3,	0.70,	4),
(4,	0.90,	4),
(5,	0.70,	4),
(6,	0.80,	4),
(7,	0.80,	4),
(8,	0.80,	4),
(9,	0.80,	3),
(10,	0.60,	2),
(11,	0.70,	2),
(12,	0.70,	4),
(13,	0.90,	4),
(14,	0.80,	4),
(15,	0.70,	4),
(16,	0.70,	4),
(17,	0.50,	1),
(18,	0.40,	1),
(19,	0.60,	4),
(20,	0.80,	4);

CREATE TABLE `recommender_recommendation_items` (
  `id` int(11) NOT NULL AUTO_INCREMENT,
  `recommendation_id` int(11) NOT NULL,
  `item_id` int(11) NOT NULL,
  PRIMARY KEY (`id`),
  UNIQUE KEY `recommender_recommendati_recommendation_id_item_i_f5a7120e_uniq` (`recommendation_id`,`item_id`),
  KEY `recommender_recommen_item_id_a34a447d_fk_recommend` (`item_id`),
  CONSTRAINT `recommender_recommen_item_id_a34a447d_fk_recommend` FOREIGN KEY (`item_id`) REFERENCES `recommender_item` (`id`),
  CONSTRAINT `recommender_recommen_recommendation_id_1dc95996_fk_recommend` FOREIGN KEY (`recommendation_id`) REFERENCES `recommender_recommendation` (`id`)
) ENGINE=InnoDB DEFAULT CHARSET=latin1;

INSERT INTO `recommender_recommendation_items` (`id`, `recommendation_id`, `item_id`) VALUES
(2,	2,	1),
(3,	2,	2),
(4,	2,	3),
(5,	2,	4),
(6,	2,	5),
(1,	2,	6),
(28,	3,	3),
(29,	3,	4),
(31,	3,	8),
(33,	3,	10),
(32,	3,	16),
(9,	4,	2),
(10,	4,	3),
(11,	4,	4),
(22,	4,	10),
(23,	4,	14),
(24,	4,	15),
(35,	6,	1),
(36,	6,	2),
(37,	6,	3),
(38,	6,	4),
(39,	6,	5),
(34,	6,	6);

CREATE TABLE `recommender_usercontext` (
  `id` int(11) NOT NULL AUTO_INCREMENT,
  `weight` decimal(10,2) DEFAULT NULL,
  `context_segment_id` int(11) NOT NULL,
  `user_id` int(11) NOT NULL,
  PRIMARY KEY (`id`),
  KEY `recommender_usercont_context_segment_id_f3bee781_fk_recommend` (`context_segment_id`),
  KEY `recommender_usercont_user_id_089e5c99_fk_recommend` (`user_id`),
  CONSTRAINT `recommender_usercont_context_segment_id_f3bee781_fk_recommend` FOREIGN KEY (`context_segment_id`) REFERENCES `recommender_contextsegment` (`id`),
  CONSTRAINT `recommender_usercont_user_id_089e5c99_fk_recommend` FOREIGN KEY (`user_id`) REFERENCES `recommender_customuser` (`id`)
) ENGINE=InnoDB DEFAULT CHARSET=latin1;

INSERT INTO `recommender_usercontext` (`id`, `weight`, `context_segment_id`, `user_id`) VALUES
(1,	0.80,	2,	1),
(2,	0.40,	6,	1),
(5,	0.30,	3,	1),
(6,	0.90,	1,	1),
(7,	0.30,	2,	2),
(8,	0.50,	1,	2),
(9,	0.70,	4,	2),
(10,	0.70,	3,	5),
(11,	0.40,	2,	4),
(12,	0.80,	6,	3),
(13,	0.80,	6,	7),
(15,	0.20,	5,	5),
(16,	0.30,	2,	5);

CREATE TABLE `recommender_valoration` (
  `id` int(11) NOT NULL AUTO_INCREMENT,
  `comment` longtext NOT NULL,
  `score` decimal(10,2) DEFAULT NULL,
  `item_id` int(11) DEFAULT NULL,
  `recommendation_id` int(11) DEFAULT NULL,
  `user_id` int(11) NOT NULL,
  PRIMARY KEY (`id`),
  KEY `recommender_valoration_item_id_41b35d99_fk_recommender_item_id` (`item_id`),
  KEY `recommender_valorati_recommendation_id_ff13f8ff_fk_recommend` (`recommendation_id`),
  KEY `recommender_valorati_user_id_fd4446b5_fk_recommend` (`user_id`),
  CONSTRAINT `recommender_valorati_recommendation_id_ff13f8ff_fk_recommend` FOREIGN KEY (`recommendation_id`) REFERENCES `recommender_recommendation` (`id`),
  CONSTRAINT `recommender_valorati_user_id_fd4446b5_fk_recommend` FOREIGN KEY (`user_id`) REFERENCES `recommender_customuser` (`id`),
  CONSTRAINT `recommender_valoration_item_id_41b35d99_fk_recommender_item_id` FOREIGN KEY (`item_id`) REFERENCES `recommender_item` (`id`)
) ENGINE=InnoDB DEFAULT CHARSET=latin1;

INSERT INTO `recommender_valoration` (`id`, `comment`, `score`, `item_id`, `recommendation_id`, `user_id`) VALUES
(1,	'Me encantó completamente! Volveré a ir cuando esté en Barcelona.',	0.80,	1,	NULL,	1),
(8,	'',	0.90,	NULL,	2,	1),
(9,	'',	0.60,	NULL,	3,	1),
(10,	'',	0.80,	NULL,	4,	1),
(12,	'No me gustó.',	0.40,	2,	NULL,	1),
(13,	'No me gustó la verdad',	0.40,	2,	NULL,	1);

-- 2019-10-10 22:46:21
